market_id,question,category,reference,outcome,ref_price,n_reporters,n_transitions,total_self,total_verifiable,payout_ratio,pearson,spearman,top_decile_jaccard,argmax_match
253591,Will Donald Trump win the 2024 US Presidential Election?,politics,lead_1h,1,0.9975,1820,1819,0.6753940818218093,0.6916460544336782,0.9765024718818412,0.9999731162532465,0.9998496449636507,1.0,1
253591,Will Donald Trump win the 2024 US Presidential Election?,politics,lead_24h,1,0.628,1799,1798,0.03285486711369047,0.20945022418220732,0.15686241082802083,0.7080824038645607,0.6823094368689537,0.3458646616541353,1
253591,Will Donald Trump win the 2024 US Presidential Election?,politics,lead_168h,1,0.6695,1661,1660,0.05861276014404145,0.2904282981198061,0.20181490758129497,0.8759616747255279,0.9173239665202655,0.502262443438914,1
253591,Will Donald Trump win the 2024 US Presidential Election?,politics,life_50pct,1,0.555,123,122,0.005860369049081698,0.08617769624105243,0.06800331529737501,0.930117742179804,0.9555681859487608,0.4117647058823529,1
253591,Will Donald Trump win the 2024 US Presidential Election?,politics,window_1-24h,1,0.7997,1799,1798,0.11434464790172251,0.20945022418220732,0.5459275507972267,0.9889106806854422,0.9985705899455218,0.8842105263157894,1
253597,Will Kamala Harris win the 2024 US Presidential Election?,politics,lead_1h,0,0.0005,2869,2868,0.04281994227812125,0.044542812375139684,0.9613210301471667,0.9999961101572037,0.9998878428806696,1.0,1
253597,Will Kamala Harris win the 2024 US Presidential Election?,politics,lead_24h,0,0.3725,2850,2849,0.5235199625938814,-0.4376530178763311,-1.1961986807133453,-0.391279681038417,0.016280955646715552,0.0,0
253597,Will Kamala Harris win the 2024 US Presidential Election?,politics,lead_168h,0,0.3305,2714,2713,0.4212031632452936,-0.35667494393873234,-1.1809160424726823,-0.3887602509230651,0.09069204747426216,0.003703703703703704,0
253597,Will Kamala Harris win the 2024 US Presidential Election?,politics,life_50pct,0,0.0185,329,328,0.010412809928399687,0.027879967873735673,0.37348715664084664,-0.1632915825425581,-0.5014803091339801,0.0847457627118644,1
253597,Will Kamala Harris win the 2024 US Presidential Election?,politics,window_1-24h,0,0.2212,2850,2849,0.13305150280957267,-0.4376530178763311,-0.3040113911591247,-0.09161039032748547,0.31092944052287635,0.09864603481624758,0
511754,Will Donald Trump be inaugurated?,politics,lead_1h,1,0.9985,768,767,0.508284312600713,0.5166907432183889,0.9837302472939354,0.9998860332926565,0.9989162107972128,1.0,1
511754,Will Donald Trump be inaugurated?,politics,lead_24h,1,0.984,748,747,0.4430931310917731,0.5056019199170404,0.8763675801794348,0.9910285346645139,0.7954336017637956,0.6444444444444445,1
511754,Will Donald Trump be inaugurated?,politics,lead_168h,1,0.9925,695,694,0.4778369748463582,0.5126726564462419,0.932050829780237,0.9990023246299812,0.991901145799929,0.8648648648648649,1
511754,Will Donald Trump be inaugurated?,politics,life_50pct,1,0.9585,470,469,0.36246281578193396,0.477850909902125,0.7585269971677459,0.9765082468483466,0.8882832738342427,0.7358490566037735,1
511754,Will Donald Trump be inaugurated?,politics,window_1-24h,1,0.9919,749,748,0.4728161525319994,0.5030644915066238,0.9398718464822792,0.9978752454651855,0.9700072431548086,0.85,1
507892,Will the Sacramento Kings win the 2025 NBA Finals?,sports,lead_1h,0,0.0015,430,429,0.019326578110031096,0.022814677766171423,0.8471115966707922,0.9981567263055914,1.0,1.0,1
507892,Will the Sacramento Kings win the 2025 NBA Finals?,sports,lead_24h,0,0.0015,430,429,0.019326578110031096,0.022814677766171423,0.8471115966707922,0.9981567263055914,1.0,1.0,1
507892,Will the Sacramento Kings win the 2025 NBA Finals?,sports,lead_168h,0,0.0015,430,429,0.019326578110031096,0.022814677766171423,0.8471115966707922,0.9981567263055914,1.0,1.0,1
507892,Will the Sacramento Kings win the 2025 NBA Finals?,sports,life_50pct,0,0.0105,364,363,0.005447152716032638,0.015772395140758514,0.3453598941327739,0.4246359869559586,0.3022055794531937,0.3333333333333333,1
507892,Will the Sacramento Kings win the 2025 NBA Finals?,sports,window_1-24h,0,0.0015,431,430,0.01956084076009572,0.02381668185802281,0.821308395380296,0.9975432946944657,0.9976475906330758,1.0,1
512340,Will Nicolae Ciucă win the 2024 Romanian Presidential election?,politics,lead_1h,0,0.001,535,534,0.020979454459404724,0.023816681858022798,0.8808722635868633,0.9988267702034633,0.9897489222794068,1.0,1
512340,Will Nicolae Ciucă win the 2024 Romanian Presidential election?,politics,lead_24h,0,0.0015,534,533,0.019452517951928018,0.024317307650706353,0.7999453817562313,0.9972946436784759,0.9555363576003695,1.0,1
512340,Will Nicolae Ciucă win the 2024 Romanian Presidential election?,politics,lead_168h,0,0.0015,534,533,0.019452517951928018,0.024317307650706353,0.7999453817562313,0.9972946436784759,0.9555363576003695,1.0,1
512340,Will Nicolae Ciucă win the 2024 Romanian Presidential election?,politics,life_50pct,0,0.001,510,509,0.020880842254236854,0.024817682942607694,0.841369530851248,0.999058769500702,0.9951292665326579,1.0,1
512340,Will Nicolae Ciucă win the 2024 Romanian Presidential election?,politics,window_1-24h,0,0.001,535,534,0.020979454459404724,0.023816681858022798,0.8808722635868633,0.9988267702034633,0.9897489222794068,1.0,1
1640919,US forces enter Iran by April 30?,other,lead_1h,1,0.9975,209,208,0.8608653266957997,0.8779756326251716,0.9805116391690603,0.9999056142817742,0.9999453254601995,1.0,1
1640919,US forces enter Iran by April 30?,other,lead_24h,1,0.9955,206,205,0.8489939316804376,0.8759706194221512,0.9692036614658273,0.9998168605692755,0.999843991586689,1.0,1
1640919,US forces enter Iran by April 30?,other,lead_168h,1,0.545,173,172,0.033365104931971576,0.2351197423609256,0.1419068624222706,-0.24943245490182667,-0.40101598262358407,0.030303030303030304,0
1640919,US forces enter Iran by April 30?,other,life_50pct,1,0.625,146,145,0.08895164988086018,0.39334374757581964,0.22614227486535593,0.900780335988219,0.8706935915603842,0.3333333333333333,1
1640919,US forces enter Iran by April 30?,other,window_1-24h,1,0.9985,207,206,0.8663528516929593,0.8749666032735527,0.990155336731292,0.9999798619606625,0.9999986272551623,1.0,1
546814,Will Zelenskyy wear a suit before July?,other,lead_1h,0,0.0025,659,658,0.14910233339810913,0.161017803371508,0.9259990527512854,0.9999793784137894,0.9996318574629599,0.9696969696969697,1
546814,Will Zelenskyy wear a suit before July?,other,lead_24h,0,0.0305,638,637,0.07779278894938929,0.12221763272424924,0.6365103562831028,0.9968570533419225,0.7916051789088318,0.8805970149253731,1
546814,Will Zelenskyy wear a suit before July?,other,lead_168h,0,0.0095,517,516,0.12524935704927162,0.15398259847548856,0.8133994249305334,0.9997829519913412,0.9971745917644084,0.9245283018867925,1
546814,Will Zelenskyy wear a suit before July?,other,life_50pct,0,0.07,206,205,0.030118068226902717,0.08455738802806273,0.3561849405389296,0.9924432204564965,0.8809028986920364,0.9047619047619048,0
546814,Will Zelenskyy wear a suit before July?,other,window_1-24h,0,0.0128,639,638,0.10953682361917441,0.1315441251983444,0.8327002323669945,0.9995085690356162,0.9848139556735963,0.9384615384615385,1
253642,Will any other Republican Politician win the 2024 US Presidential Election?,politics,lead_1h,0,0.001,732,731,0.0030275226868088996,0.005517947283880775,0.5486682875084739,0.9931858733945754,0.9955859082074121,0.8961038961038961,1
253642,Will any other Republican Politician win the 2024 US Presidential Election?,politics,lead_24h,0,0.0005,729,728,0.003821540545636335,0.004516946199295926,0.8460451767683249,0.9992734299411412,1.0,1.0,1
253642,Will any other Republican Politician win the 2024 US Presidential Election?,politics,lead_168h,0,0.0015,728,727,0.0021964665882525294,0.003514942107444542,0.6248941009868922,0.9903060612891094,0.9999993129291617,1.0,1
253642,Will any other Republican Politician win the 2024 US Presidential Election?,politics,life_50pct,0,0.0065,185,184,1.6263032587282567e-18,-8.673617379884035e-19,nan,0.1910778101544331,-0.10622026160158733,0.125,1
253642,Will any other Republican Politician win the 2024 US Presidential Election?,politics,window_1-24h,0,0.001,730,729,0.0030275226868088996,0.005517947283880775,0.5486682875084739,0.9953450646982293,0.9976766595488058,0.9459459459459459,1
601697,Fed decreases interest rates by 50+ bps after January 2026 meeting?,economy,lead_1h,0,0.0015,951,950,0.3531781049773482,0.3633433083756626,0.972023144051398,0.9996930393517302,0.9970553902348691,0.9791666666666666,1
601697,Fed decreases interest rates by 50+ bps after January 2026 meeting?,economy,lead_24h,0,0.0015,947,946,0.3531781049773482,0.3633433083756626,0.972023144051398,0.9997653196833342,0.997971994907237,1.0,1
601697,Fed decreases interest rates by 50+ bps after January 2026 meeting?,economy,lead_168h,0,0.0015,939,938,0.3535922611773277,0.36134030319922633,0.9785574928860712,0.9998955493527403,0.9996063651276492,0.9787234042553191,1
601697,Fed decreases interest rates by 50+ bps after January 2026 meeting?,economy,life_50pct,0,0.0685,508,507,0.17051655384297976,0.2934209691207989,0.5811328152650861,0.694533256040684,0.6890377944284668,0.6129032258064516,1
601697,Fed decreases interest rates by 50+ bps after January 2026 meeting?,economy,window_1-24h,0,0.001,948,947,0.35666511831528735,0.36234230729107775,0.9843319732155104,0.9998888756097055,0.9993631337150172,1.0,1
601700,Fed increases interest rates by 25+ bps after January 2026 meeting?,economy,lead_1h,0,0.0015,338,337,0.0438092243128674,0.05079316934586834,0.8625022788902021,0.9873592037779609,0.8987529817819705,1.0,1
601700,Fed increases interest rates by 25+ bps after January 2026 meeting?,economy,lead_24h,0,0.0015,328,327,0.04422338051284697,0.04879016416943211,0.9063995021470679,0.9916838748773278,0.935234135084639,1.0,1
601700,Fed increases interest rates by 25+ bps after January 2026 meeting?,economy,lead_168h,0,0.0005,315,314,0.04801399322849286,0.0497921682612835,0.964288057843561,0.9993449084010609,0.9878456647101973,1.0,1
601700,Fed increases interest rates by 25+ bps after January 2026 meeting?,economy,life_50pct,0,0.0135,239,238,0.019480561775191096,0.03668714199818847,0.530991533114054,0.7525313516300689,0.3842122199231899,0.3939393939393939,0
601700,Fed increases interest rates by 25+ bps after January 2026 meeting?,economy,window_1-24h,0,0.001,329,328,0.04623581819570223,0.04979216826128349,0.9285761156871221,0.9964748372055013,0.9825892793380405,1.0,1
2036399,"US x Iran ceasefire extended by April 22, 2026?",politics,lead_1h,0,0.0035,74,73,1.0663217921992811,1.0855925754598066,0.9822486044063417,0.9999237483993684,0.941379735900284,1.0,1
2036399,"US x Iran ceasefire extended by April 22, 2026?",politics,lead_24h,0,0.0035,68,67,1.0677604541989303,1.0911216169389524,0.9785897718665314,0.9999338301144878,0.9648814749780511,1.0,1
2036399,"US x Iran ceasefire extended by April 22, 2026?",politics,lead_168h,0,0.0015,48,47,1.0519939146908994,1.05799756951392,0.9943254549953465,0.9999975908085147,0.9998843663274747,1.0,1
2036399,"US x Iran ceasefire extended by April 22, 2026?",politics,life_50pct,0,0.0005,49,48,1.0885303982540147,1.092123621030804,0.9967098754137393,0.9999992100953918,0.9998914459400782,1.0,1
2036399,"US x Iran ceasefire extended by April 22, 2026?",politics,window_1-24h,0,0.0036,69,68,1.067410513224492,1.0901186078277834,0.9791691523837571,0.999930170388098,0.9612169332366299,1.0,1
1706788,US x Iran ceasefire by April 7?,politics,lead_1h,1,0.9985,137,136,1.373159870343435,1.3837912309017721,0.9923172221929683,0.9999990035041882,0.9999713754114783,1.0,1
1706788,US x Iran ceasefire by April 7?,politics,lead_24h,1,0.9975,132,131,1.365038919694972,1.3807791804317804,0.9886004504124357,0.9999975168662076,0.9999786473068915,1.0,1
1706788,US x Iran ceasefire by April 7?,politics,lead_168h,1,0.0165,105,104,0.22160927380225154,-2.6036901857779675,-0.08511353424948137,-0.6435045196556651,-0.8404139549770618,0.0,0
1706788,US x Iran ceasefire by April 7?,politics,life_50pct,1,0.085,89,88,0.08955659748088861,-1.2039728043259361,-0.07438423622120628,-0.5391021094897119,-0.46868726004719813,0.0,0
1706788,US x Iran ceasefire by April 7?,politics,window_1-24h,1,0.9981,133,132,1.3703248408612119,1.3837912309017721,0.9902684814444267,0.9999985088652351,0.9999582578931714,1.0,1
654415,Will the Fed increase interest rates by 25+ bps after the March 2026 meeting?,economy,lead_1h,0,0.0015,516,515,0.16494000071625023,0.17385326210309554,0.9487311237130557,0.998361963282453,0.9919147149183881,1.0,1
654415,Will the Fed increase interest rates by 25+ bps after the March 2026 meeting?,economy,lead_24h,0,0.0005,515,514,0.17043098053443861,0.17285226101851067,0.9859921966319389,0.9998437284501827,0.9985034046968756,1.0,1
654415,Will the Fed increase interest rates by 25+ bps after the March 2026 meeting?,economy,lead_168h,0,0.0015,510,509,0.1653541569162298,0.17185025692665928,0.9621990672193068,0.9991860458313591,0.9999928111956076,1.0,1
654415,Will the Fed increase interest rates by 25+ bps after the March 2026 meeting?,economy,life_50pct,0,0.014,331,330,0.12386725112096457,0.1612681475961223,0.7680825567065853,0.9332250427488202,0.546462151334556,0.7837837837837838,1
654415,Will the Fed increase interest rates by 25+ bps after the March 2026 meeting?,economy,window_1-24h,0,0.0015,516,515,0.16494000071625023,0.17385326210309554,0.9487311237130557,0.998361963282453,0.9919147149183881,1.0,1
253727,Kamala Harris wins the popular vote?,politics,lead_1h,0,0.001,2681,2680,0.6851452653889312,0.6916460544336781,0.9906009887527374,0.9999915487633538,0.9998395536711009,1.0,1
253727,Kamala Harris wins the popular vote?,politics,lead_24h,0,0.0015,2676,2675,0.6818262687456451,0.6911451778892722,0.9865167124914528,0.9999813564057796,0.9996805827267415,1.0,1
253727,Kamala Harris wins the popular vote?,politics,lead_168h,0,0.724,2578,2577,0.10365740195760016,-0.5516476182862459,-0.18790510195552607,-0.7436231781728221,-0.40067983878444274,0.001949317738791423,0
253727,Kamala Harris wins the popular vote?,politics,life_50pct,0,0.018,128,127,0.6029900549905735,0.6754922453212246,0.8926676200462177,0.9992955209600722,0.4507053805774278,0.4117647058823529,1
253727,Kamala Harris wins the popular vote?,politics,window_1-24h,0,0.0017,2677,2676,0.6805947130576069,0.6916460544336781,0.9840216808796515,0.9999759585175179,0.9995712066477905,1.0,1
570360,Fed decreases interest rates by 50+ bps after December 2025 meeting?,economy,lead_1h,0,0.0045,667,666,0.1941611616122999,0.21390849254327504,0.9076832775726278,0.9986229403394582,0.9976248006864279,1.0,1
570360,Fed decreases interest rates by 50+ bps after December 2025 meeting?,economy,lead_24h,0,0.0055,653,652,0.19031358814037883,0.20938473514278225,0.9089181597244969,0.99824617205129,0.9983210131867137,0.9402985074626866,1
570360,Fed decreases interest rates by 50+ bps after December 2025 meeting?,economy,lead_168h,0,0.0065,626,625,0.18683010050865861,0.21139782087546363,0.8837844199856815,0.9979078453173263,0.9989356107151636,0.9375,1
570360,Fed decreases interest rates by 50+ bps after December 2025 meeting?,economy,life_50pct,0,0.05,150,149,0.08904219890485664,0.1603426500751794,0.5553244808109862,0.9293702911565203,0.9382260112461455,0.8666666666666667,1
570360,Fed decreases interest rates by 50+ bps after December 2025 meeting?,economy,window_1-24h,0,0.004,654,653,0.1961442362521176,0.21139782087546366,0.9278441728482524,0.999072256534365,0.9991368618679898,0.9402985074626866,1
680392,US government shutdown Saturday?,politics,lead_1h,1,0.9995,778,777,1.6552546810852573,1.659230080695384,0.9976040697089698,0.9999988311526679,0.9999649283366454,1.0,1
680392,US government shutdown Saturday?,politics,lead_24h,1,0.9975,771,770,1.63935308264475,1.659230080695384,0.9880203485448483,0.9999728102491792,0.9999319215644424,1.0,1
680392,US government shutdown Saturday?,politics,lead_168h,1,0.795,680,679,0.8559231932639697,1.4186596456219223,0.6033323044786715,0.9902728779738013,0.9822223789616201,0.9705882352941176,1
680392,US government shutdown Saturday?,politics,life_50pct,1,0.275,241,240,0.021241876575484826,0.35139788683788864,0.06044964233175483,0.4123306817292035,-0.4795248181392038,0.06666666666666667,1
680392,US government shutdown Saturday?,politics,window_1-24h,1,0.9984,772,771,1.6465382641011959,1.6582280766035324,0.9929504193860471,0.9999892010147967,0.9999455132476645,1.0,1
507894,Will the Toronto Raptors win the 2025 NBA Finals?,sports,lead_1h,0,0.0015,89,88,0.0014659267171777506,0.0025094116054258098,0.5841714902442259,0.9984427863714352,0.9788841534289037,1.0,1
507894,Will the Toronto Raptors win the 2025 NBA Finals?,sports,lead_24h,0,0.0015,89,88,0.0014659267171777506,0.0025094116054258098,0.5841714902442259,0.9984427863714352,0.9788841534289037,1.0,1
507894,Will the Toronto Raptors win the 2025 NBA Finals?,sports,lead_168h,0,0.0015,89,88,0.0014659267171777506,0.0025094116054258098,0.5841714902442259,0.9984427863714352,0.9788841534289037,1.0,1
507894,Will the Toronto Raptors win the 2025 NBA Finals?,sports,life_50pct,0,0.0045,51,50,-4.145896825504154e-06,0.0010045204260054645,-0.004127239942736218,-0.8707339946029291,-0.7920768307322928,0.0,0
507894,Will the Toronto Raptors win the 2025 NBA Finals?,sports,window_1-24h,0,0.0015,90,89,0.0017001893672423732,0.0035114156972771956,0.48418914586522055,0.9982579076411094,0.9758767449778687,1.0,1
253609,Will Michelle Obama win the 2024 US Presidential Election?,politics,lead_1h,0,0.0015,1846,1845,0.0193265781100311,0.022814677766171403,0.847111596670793,0.9992166978728768,0.9991683587338785,1.0,1
253609,Will Michelle Obama win the 2024 US Presidential Election?,politics,lead_24h,0,0.0015,1846,1845,0.0193265781100311,0.022814677766171403,0.847111596670793,0.9992166978728768,0.9991683587338785,1.0,1
253609,Will Michelle Obama win the 2024 US Presidential Election?,politics,lead_168h,0,0.0015,1846,1845,0.0193265781100311,0.022814677766171403,0.847111596670793,0.9992166978728768,0.9991683587338785,1.0,1
253609,Will Michelle Obama win the 2024 US Presidential Election?,politics,life_50pct,0,0.0315,634,633,0.0007850011192590042,-0.00565699631514063,-0.1387664187013863,0.04962220517629821,0.2318626654098079,0.23529411764705882,0
253609,Will Michelle Obama win the 2024 US Presidential Election?,politics,window_1-24h,0,0.0015,1847,1846,0.019560840760095725,0.023816681858022784,0.8213083953802971,0.9991969817079981,0.9989811227356321,1.0,1
538932,Will Zohran Mamdani win the 2025 NYC mayoral election?,politics,lead_1h,1,0.9985,2941,2940,2.2212096436132844,2.2300144001592104,0.9960517041749608,0.999998864758914,0.9999954355747849,0.9932203389830508,1
538932,Will Zohran Mamdani win the 2025 NYC mayoral election?,politics,lead_24h,1,0.8975,2918,2917,1.7024486219134223,2.1611312439611945,0.7877580904308983,0.9941140420316573,0.8258910113604119,0.8130841121495327,1
538932,Will Zohran Mamdani win the 2025 NYC mayoral election?,politics,lead_168h,1,0.8805,2803,2802,1.6317763384204444,2.1242555574696285,0.7681638551833115,0.9930747513672459,0.8081915198505045,0.8122977346278317,1
538932,Will Zohran Mamdani win the 2025 NYC mayoral election?,politics,life_50pct,1,0.7605,1255,1254,1.189978531118167,1.9720949280503803,0.6034083421605794,0.9824256024060817,0.9898373627459635,0.8656716417910447,0
538932,Will Zohran Mamdani win the 2025 NYC mayoral election?,politics,window_1-24h,1,0.9294,2918,2917,1.8453674145148926,2.1611312439611945,0.8538895634734659,0.9975165899573734,0.9389575435195419,0.8594249201277955,1
253595,Will Robert F. Kennedy Jr. win the 2024 US Presidential Election?,politics,lead_1h,0,0.0015,1149,1148,0.6816606082164921,0.6906440503418269,0.9869926597921339,0.9999465520187573,0.9875727822185558,1.0,1
253595,Will Robert F. Kennedy Jr. win the 2024 US Presidential Election?,politics,lead_24h,0,0.0015,1149,1148,0.6816606082164921,0.6906440503418269,0.9869926597921339,0.9999465520187573,0.9875727822185558,1.0,1
253595,Will Robert F. Kennedy Jr. win the 2024 US Presidential Election?,politics,lead_168h,0,0.0015,1149,1148,0.6816606082164921,0.6906440503418269,0.9869926597921339,0.9999465520187573,0.9875727822185558,1.0,1
253595,Will Robert F. Kennedy Jr. win the 2024 US Presidential Election?,politics,life_50pct,0,0.0195,442,441,0.5970351006132191,0.6724341389624039,0.8878714895922314,0.9989301127908092,0.6116128969070146,0.5172413793103449,1
253595,Will Robert F. Kennedy Jr. win the 2024 US Presidential Election?,politics,window_1-24h,0,0.0015,1150,1149,0.6818948708665566,0.6916460544336782,0.9859014831291044,0.9999458620061842,0.9870696860156087,1.0,1
1795527,"Russia x Ukraine ceasefire by May 31, 2026?",politics,lead_1h,1,0.9985,405,404,2.238679905229006,2.2532948037829317,0.99351398737112,0.9999948048048337,0.999995632317574,1.0,1
1795527,"Russia x Ukraine ceasefire by May 31, 2026?",politics,lead_24h,1,0.3175,401,400,-0.27727935252208297,-1.0296194171811583,0.2693027616759645,0.9995102576131137,0.9997202482515515,0.9512195121951219,1
1795527,"Russia x Ukraine ceasefire by May 31, 2026?",politics,lead_168h,1,0.0595,292,291,0.012822605241809202,-0.5430864859842122,-0.02361061372862436,0.1883982303041577,0.2813410340444804,0.28888888888888886,0
1795527,"Russia x Ukraine ceasefire by May 31, 2026?",politics,life_50pct,1,0.037,139,138,0.031924146579558964,-1.0296194171811583,-0.031005773635232454,-0.871200537549982,-0.9362997700855499,0.0,0
1795527,"Russia x Ukraine ceasefire by May 31, 2026?",politics,window_1-24h,1,0.999,402,401,1.1051398895158329,1.1065174681752232,0.9987550321626082,0.9999999986773258,0.9999979528789966,1.0,1
503301,Will the Panthers win Super Bowl 2025?,sports,lead_1h,0,0.001,358,357,0.6851452653889305,0.6916460544336781,0.9906009887527365,0.9999746151639702,0.9824331716240574,0.9444444444444444,1
503301,Will the Panthers win Super Bowl 2025?,sports,lead_24h,0,0.0005,355,354,0.6886933028370377,0.6921466802263616,0.9950106278221337,0.9999940011552841,0.9970225540113491,1.0,1
503301,Will the Panthers win Super Bowl 2025?,sports,lead_168h,0,0.0005,342,341,0.6883956599113046,0.6916460544336781,0.9953004943763686,0.9999967999466852,1.0,1.0,1
503301,Will the Panthers win Super Bowl 2025?,sports,life_50pct,0,0.0025,243,242,0.6756136626498936,0.6911451778892722,0.9775278541524212,0.9999540921745014,0.9770816848649114,0.8461538461538461,1
503301,Will the Panthers win Super Bowl 2025?,sports,window_1-24h,0,0.0012,356,355,0.6837799194613461,0.6926470555182629,0.987198189920432,0.9999663651073994,0.9770125609877127,1.0,1
504494,Fed increases interest rates by 25+ bps after November 2024 meeting?,economy,lead_1h,0,0.0015,333,332,0.681786548058389,0.6921466802263617,0.9850318834663998,0.9999386405757267,0.9696291494056574,0.9411764705882353,1
504494,Fed increases interest rates by 25+ bps after November 2024 meeting?,economy,lead_24h,0,0.004,322,321,0.667035096546028,0.6896410412306577,0.9672207085525397,0.9996035041520539,0.10098899982585478,0.23076923076923078,1
504494,Fed increases interest rates by 25+ bps after November 2024 meeting?,economy,lead_168h,0,0.002,273,272,0.6786661275080471,0.6906440503418269,0.9826568797228451,0.9999219960889068,0.9008687210336872,0.8620689655172413,1
504494,Fed increases interest rates by 25+ bps after November 2024 meeting?,economy,life_50pct,0,0.0025,139,138,0.6756273253364125,0.6901426715396466,0.9789676152456249,0.9999668058248337,0.9838397767980473,1.0,1
504494,Fed increases interest rates by 25+ bps after November 2024 meeting?,economy,window_1-24h,0,0.0022,323,322,0.6771010801155745,0.6891391591624064,0.9825317152758185,0.9998843401052446,0.8349487745225339,0.8285714285714286,1
570363,Fed increases interest rates by 25+ bps after December 2025 meeting?,economy,lead_1h,0,0.0015,251,250,0.08629455952155898,0.09180754925312282,0.9399505838418151,0.9992468622737921,0.9999938559016942,1.0,1
570363,Fed increases interest rates by 25+ bps after December 2025 meeting?,economy,lead_24h,0,0.0015,251,250,0.08629455952155898,0.09180754925312282,0.9399505838418151,0.9992468622737921,0.9999938559016942,1.0,1
570363,Fed increases interest rates by 25+ bps after December 2025 meeting?,economy,lead_168h,0,0.0035,249,248,0.07900115920193956,0.08980052399335527,0.8797405147411523,0.9957532965886252,0.9953086474145241,0.92,1
570363,Fed increases interest rates by 25+ bps after December 2025 meeting?,economy,life_50pct,0,0.0095,218,217,0.06258531205486739,0.0852699348190922,0.733966927354263,0.9747811852968841,0.8291419458184774,0.8260869565217391,1
570363,Fed increases interest rates by 25+ bps after December 2025 meeting?,economy,window_1-24h,0,0.0015,252,251,0.0865288221716236,0.0928095533449742,0.9323266738499962,0.9991576616287743,0.9980216277746159,1.0,1
507286,Will Aston Villa win the UEFA Champions League?,sports,lead_1h,0,0.001,989,988,0.6729110037252153,0.6781843078832329,0.9922243789826444,0.9999859552607929,0.9999999999999998,1.0,1
507286,Will Aston Villa win the UEFA Champions League?,sports,lead_24h,0,0.019,977,976,0.5893918373420182,0.6655419144680564,0.8855818462058813,0.9948366095820526,0.0631698678689299,0.1411764705882353,1
507286,Will Aston Villa win the UEFA Champions League?,sports,lead_168h,0,0.0255,928,927,0.5649526832047578,0.6583917307878061,0.8580798585194216,0.9932111844892271,-0.6347819643460999,0.016574585635359115,1
507286,Will Aston Villa win the UEFA Champions League?,sports,life_50pct,0,0.0155,573,572,0.6035320549095993,0.668083211896729,0.9033785674633776,0.998082693702282,0.6537950180315462,0.5,1
507286,Will Aston Villa win the UEFA Champions League?,sports,window_1-24h,0,0.0099,978,977,0.6250997132208883,0.6640140302900032,0.9413953391133628,0.9986894075535144,0.9775745418280308,0.8476190476190476,1
1180303,Khamenei out as Supreme Leader of Iran by February 28?,other,lead_1h,1,0.9985,504,503,0.8092581764830475,0.8199800517362466,0.9869242242777782,0.9999988213113905,0.9999542679419593,1.0,1
1180303,Khamenei out as Supreme Leader of Iran by February 28?,other,lead_24h,1,0.9985,496,495,0.8091322366411506,0.8184774218517132,0.9885822321287493,0.9999991816744112,0.9999626010661664,1.0,1
1180303,Khamenei out as Supreme Leader of Iran by February 28?,other,lead_168h,1,0.0185,413,412,0.49197918656349665,-3.0422522891888835,-0.16171544625402082,-0.6207864588505899,-0.8459635923617024,0.0,0
1180303,Khamenei out as Supreme Leader of Iran by February 28?,other,life_50pct,1,0.065,203,202,0.35423262191788046,-1.7692866133759964,-0.2002121189635664,-0.7049855748605692,-0.7846794899326708,0.0,0
1180303,Khamenei out as Supreme Leader of Iran by February 28?,other,window_1-24h,1,0.9986,497,496,0.810209243178913,0.8194794259435629,0.9886877175055663,0.9999992966330007,0.9999504357523439,1.0,1
507896,Will the Washington Wizards win the 2025 NBA Finals?,sports,lead_1h,0,0.001,124,123,0.00230393147725386,0.0035114156972771704,0.6561260972434507,0.999927713729299,1.0,1.0,1
507896,Will the Washington Wizards win the 2025 NBA Finals?,sports,lead_24h,0,0.0015,123,122,0.0015918665590746546,0.004012041489960727,0.39677220762994575,0.9998370844371397,0.994170926670654,0.8461538461538461,1
507896,Will the Washington Wizards win the 2025 NBA Finals?,sports,lead_168h,0,0.0015,121,120,0.001631587246330662,0.0030105391528711823,0.5419584876597935,0.9998418873480431,0.9934926036530313,0.8461538461538461,1
507896,Will the Washington Wizards win the 2025 NBA Finals?,sports,life_50pct,0,0.0045,38,37,-1.0842021724855044e-19,4.336808689942018e-19,nan,0.6865501550333961,0.5808440018966334,0.5,1
507896,Will the Washington Wizards win the 2025 NBA Finals?,sports,window_1-24h,0,0.001,124,123,0.00230393147725386,0.0035114156972771704,0.6561260972434507,0.999927713729299,1.0,1.0,1
507895,Will the Utah Jazz win the 2025 NBA Finals?,sports,lead_1h,0,0.0015,150,149,0.001465926717177752,0.002509411605425809,0.5841714902442267,0.9960744839818537,1.0,1.0,1
507895,Will the Utah Jazz win the 2025 NBA Finals?,sports,lead_24h,0,0.0015,150,149,0.001465926717177752,0.002509411605425809,0.5841714902442267,0.9960744839818537,1.0,1.0,1
507895,Will the Utah Jazz win the 2025 NBA Finals?,sports,lead_168h,0,0.0015,150,149,0.001465926717177752,0.002509411605425809,0.5841714902442267,0.9960744839818537,1.0,1.0,1
507895,Will the Utah Jazz win the 2025 NBA Finals?,sports,life_50pct,0,0.0045,107,106,4.336808689942018e-19,8.673617379884035e-19,nan,0.8407655040661236,0.4683628485779782,0.6666666666666666,1
507895,Will the Utah Jazz win the 2025 NBA Finals?,sports,window_1-24h,0,0.0015,151,150,0.0017001893672423747,0.0035114156972771947,0.4841891458652211,0.9952217363150518,0.9937206098048803,1.0,1
572473,Will Trump nominate Judy Shelton as the next Fed chair?,politics,lead_1h,0,0.0435,1746,1745,0.4872375333617214,0.6212026618219629,0.7843455337629638,0.4906599474388373,-0.7444654939583636,0.005780346820809248,1
572473,Will Trump nominate Judy Shelton as the next Fed chair?,politics,lead_24h,0,0.0455,1732,1731,0.4811652549804478,0.6201588203910647,0.7758742424674873,0.46059458169525214,-0.7560500131262673,0.005813953488372093,1
572473,Will Trump nominate Judy Shelton as the next Fed chair?,politics,lead_168h,0,0.0395,1633,1632,0.4995527481215599,0.625367165498203,0.7988151212313614,0.5542342812378042,-0.735500008712804,0.006172839506172839,1
572473,Will Trump nominate Judy Shelton as the next Fed chair?,politics,life_50pct,0,0.0085,314,313,0.6146742413680562,0.6520217419469356,0.9427204674688302,0.9939909266080701,0.11584013349341689,0.2653061224489796,1
572473,Will Trump nominate Judy Shelton as the next Fed chair?,politics,window_1-24h,0,0.0415,1733,1732,0.49331381628823234,0.617020742502066,0.7995092908672848,0.5223402464245134,-0.7308837503167882,0.005813953488372093,1
503314,Will the Raiders win Super Bowl 2025?,sports,lead_1h,0,0.002,269,268,0.6786444763441826,0.6916460544336781,0.9812019775054724,0.9999717577430509,0.9916280507990101,0.9259259259259259,1
503314,Will the Raiders win Super Bowl 2025?,sports,lead_24h,0,0.0035,266,265,0.6696826853827124,0.6906440503418267,0.9696495395149791,0.9999185849103981,0.9455828679761155,0.9259259259259259,1
503314,Will the Raiders win Super Bowl 2025?,sports,lead_168h,0,0.0035,266,265,0.6696826853827124,0.6906440503418267,0.9696495395149791,0.9999185849103981,0.9455828679761155,0.9259259259259259,1
503314,Will the Raiders win Super Bowl 2025?,sports,life_50pct,0,0.008,141,140,0.6465376272619504,0.6846108495376589,0.9443870597414273,0.9998040847114699,0.5483326408781789,0.47368421052631576,1
503314,Will the Raiders win Super Bowl 2025?,sports,window_1-24h,0,0.002,267,266,0.6783380688883426,0.6896410412306576,0.9836103542762696,0.9999733616213495,0.995741526808329,0.9259259259259259,1
253706,Will Donald Trump win the popular vote in the 2024 Presidential Election?,politics,lead_1h,1,0.9975,1430,1429,0.6753940818218092,0.6916460544336779,0.9765024718818415,0.9999693109066639,0.9997686337866636,1.0,1
253706,Will Donald Trump win the popular vote in the 2024 Presidential Election?,politics,lead_24h,1,0.9975,1419,1418,0.6756273253364127,0.6901426715396465,0.9789676152456254,0.9999709846539319,0.9997913598091506,1.0,1
253706,Will Donald Trump win the popular vote in the 2024 Presidential Election?,politics,lead_168h,1,0.2875,1333,1332,0.09320003648671452,-0.53785429615391,-0.1732811974417042,-0.6154930358140553,-0.3380180588428931,0.05976095617529881,0
253706,Will Donald Trump win the popular vote in the 2024 Presidential Election?,politics,life_50pct,1,0.335,68,67,0.055257277088502664,-0.4307829160924542,-0.12827174668329558,-0.7312220404741687,0.7962327400431002,0.5,0
253706,Will Donald Trump win the popular vote in the 2024 Presidential Election?,politics,window_1-24h,1,0.9973,1420,1419,0.6745827447238044,0.6906440503418266,0.9767444523556341,0.99996652048429,0.9996948427505067,1.0,1
507276,TikTok banned in the US before May 2025?,tech,lead_1h,1,0.9955,1078,1077,1.25771798409286,1.2854690006274554,0.97841175748225,0.999980902577273,0.999879639057032,1.0,1
507276,TikTok banned in the US before May 2025?,tech,lead_24h,1,0.9955,1063,1062,1.257684051708724,1.287478041986278,0.9768586420071377,0.9999838116627606,0.999884324966475,0.9813084112149533,1
507276,TikTok banned in the US before May 2025?,tech,lead_168h,1,0.63,936,935,0.2719823289256421,0.8678641379686807,0.3133927501166748,0.9740317111490615,0.9270768866687749,0.7714285714285715,0
507276,TikTok banned in the US before May 2025?,tech,life_50pct,1,0.155,384,383,0.039647875928106056,-0.6751286750572671,-0.05872639897089686,-0.36474155371648276,-0.5440634697141609,0.0410958904109589,0
507276,TikTok banned in the US before May 2025?,tech,window_1-24h,1,0.9938,1063,1062,1.2465113053546388,1.287478041986278,0.9681806327598124,0.9999692412439213,0.9998308756070555,0.9813084112149533,1
503327,Will the Titans win Super Bowl 2025?,sports,lead_1h,0,0.0015,284,283,0.014553865421232135,0.01769957709940099,0.8222719299731001,0.9899522000394003,0.9999968232823753,1.0,1
503327,Will the Titans win Super Bowl 2025?,sports,lead_24h,0,0.0015,284,283,0.014553865421232135,0.01769957709940099,0.8222719299731001,0.9899522000394003,0.9999968232823753,1.0,1
503327,Will the Titans win Super Bowl 2025?,sports,lead_168h,0,0.0035,282,281,0.01035958318367366,0.01769957709940099,0.5853011699372332,0.8906135687171479,0.8859089876580598,0.8666666666666667,1
503327,Will the Titans win Super Bowl 2025?,sports,life_50pct,0,0.0025,182,181,0.012130604424095442,0.016194685919980648,0.7490484523153962,0.9861941702659428,0.999888693258859,0.8,1
503327,Will the Titans win Super Bowl 2025?,sports,window_1-24h,0,0.0015,285,284,0.014788128071296758,0.018701581191252373,0.7907421260301709,0.9892470976938714,0.9966340726149718,1.0,1
507859,Will the Charlotte Hornets win the 2025 NBA Finals?,sports,lead_1h,0,0.0015,127,126,0.6812464520165126,0.6926470555182629,0.983540529897698,0.9999749027462881,0.9857817772778402,1.0,1
507859,Will the Charlotte Hornets win the 2025 NBA Finals?,sports,lead_24h,0,0.0015,124,123,0.6816606082164921,0.6906440503418267,0.986992659792134,0.9999769948131056,0.9943957900710685,1.0,1
507859,Will the Charlotte Hornets win the 2025 NBA Finals?,sports,lead_168h,0,0.0015,124,123,0.6816606082164921,0.6906440503418267,0.986992659792134,0.9999769948131056,0.9943957900710685,1.0,1
507859,Will the Charlotte Hornets win the 2025 NBA Finals?,sports,life_50pct,0,0.0065,71,70,0.6538483018324737,0.6876319998718351,0.9508695086242958,0.9998010560100888,0.5527600384918205,0.5555555555555556,1
507859,Will the Charlotte Hornets win the 2025 NBA Finals?,sports,window_1-24h,0,0.001,125,124,0.6851452653889306,0.6916460544336781,0.9906009887527366,0.9999895895910956,0.9999937057435089,1.0,1
253641,Will any other Democratic Politician win the 2024 US Presidential Election?,politics,lead_1h,0,0.0015,953,952,0.002196466588252524,0.0035149421074445394,0.6248941009868911,0.9986896828580002,0.997895369679777,1.0,1
253641,Will any other Democratic Politician win the 2024 US Presidential Election?,politics,lead_24h,0,0.0015,953,952,0.002196466588252524,0.0035149421074445394,0.6248941009868911,0.9986896828580002,0.997895369679777,1.0,1
253641,Will any other Democratic Politician win the 2024 US Presidential Election?,politics,lead_168h,0,0.0015,953,952,0.002196466588252524,0.0035149421074445394,0.6248941009868911,0.9986896828580002,0.997895369679777,1.0,1
253641,Will any other Democratic Politician win the 2024 US Presidential Election?,politics,life_50pct,0,0.0055,241,240,-8.262809347001619e-05,0.001507916847677003,-0.05479618693650619,0.9426213277760497,0.9224960502786504,0.7777777777777778,1
253641,Will any other Democratic Politician win the 2024 US Presidential Election?,politics,window_1-24h,0,0.0015,954,953,0.0024307292383171433,0.004516946199295914,0.538135530304974,0.9986650861438653,0.9974685156091382,1.0,1
503304,Will the Browns win Super Bowl 2025?,sports,lead_1h,0,0.0015,382,381,0.6817865480583891,0.6921466802263617,0.9850318834663999,0.9999651732701583,0.9365904144869738,1.0,1
503304,Will the Browns win Super Bowl 2025?,sports,lead_24h,0,0.0005,380,379,0.6883956599113045,0.6916460544336782,0.9953004943763682,0.999996644148172,0.9947800459812681,1.0,1
503304,Will the Browns win Super Bowl 2025?,sports,lead_168h,0,0.0015,367,366,0.6816606082164922,0.6906440503418267,0.9869926597921342,0.999988976487977,0.9999951047911245,1.0,1
503304,Will the Browns win Super Bowl 2025?,sports,life_50pct,0,0.0125,247,246,0.6257261497490236,0.6780335427498969,0.9228542694381602,0.9998559333694111,0.9703496210373157,0.7777777777777778,1
503304,Will the Browns win Super Bowl 2025?,sports,window_1-24h,0,0.0013,381,380,0.6831465526001375,0.692647055518263,0.986283774914748,0.9999767532807464,0.9767807839462367,1.0,1
529278,Will Frances Fitzgerald win the Irish Presidential Election?,politics,lead_1h,0,0.0015,737,736,0.02870161915949269,0.035127052601468915,0.8170801998426839,0.9972931860709526,0.9964203544670773,1.0,1
529278,Will Frances Fitzgerald win the Irish Presidential Election?,politics,lead_24h,0,0.0005,736,735,0.032534047014435005,0.03412605151688407,0.9533492908881823,0.9998136583174909,1.0,1.0,1
529278,Will Frances Fitzgerald win the Irish Presidential Election?,politics,lead_168h,0,0.0005,736,735,0.032534047014435005,0.03412605151688407,0.9533492908881823,0.9998136583174909,1.0,1.0,1
529278,Will Frances Fitzgerald win the Irish Presidential Election?,politics,life_50pct,0,0.0045,509,508,0.02172027428766974,0.030614635819606877,0.7094735477388622,0.953593509193655,0.9736007514004774,0.6949152542372882,1
529278,Will Frances Fitzgerald win the Irish Presidential Election?,politics,window_1-24h,0,0.0015,737,736,0.02870161915949269,0.035127052601468915,0.8170801998426839,0.9972931860709526,0.9964203544670773,1.0,1
507242,Will the Democratic candidate win Pennsylvania by 1.5%-2.0%?,other,lead_1h,0,0.001,302,301,0.0938597845678857,0.09781833261153783,0.9595316344291764,0.9988956924488779,0.992380805702845,0.9354838709677419,1
507242,Will the Democratic candidate win Pennsylvania by 1.5%-2.0%?,other,lead_24h,0,0.0005,298,297,0.09649348658535278,0.09881983494862737,0.9764586900546438,0.999745348328097,0.9988768512258446,0.9333333333333333,1
507242,Will the Democratic candidate win Pennsylvania by 1.5%-2.0%?,other,lead_168h,0,0.001,291,290,0.09397386595812765,0.09932021024052866,0.9461706306354618,0.9990719506575793,0.9946117691341608,0.9333333333333333,1
507242,Will the Democratic candidate win Pennsylvania by 1.5%-2.0%?,other,life_50pct,0,0.037,117,116,0.02492712446182416,0.06159912246201317,0.40466687617500025,0.9138836119684252,0.8857571214392804,0.8333333333333334,1
507242,Will the Democratic candidate win Pennsylvania by 1.5%-2.0%?,other,window_1-24h,0,0.0016,299,298,0.09063240078162701,0.09932021024052866,0.9125272747826253,0.9971246986064418,0.961695471470785,0.9333333333333333,1
503320,Will the Giants win Super Bowl 2025?,sports,lead_1h,0,0.0025,278,277,0.6755123258027641,0.6896410412306578,0.9795129428453371,0.9999266391672645,0.9547923425503828,1.0,1
503320,Will the Giants win Super Bowl 2025?,sports,lead_24h,0,0.0035,277,276,0.6696826853827124,0.690644050341827,0.9696495395149788,0.99985622921865,0.7984418030564633,0.6363636363636364,1
503320,Will the Giants win Super Bowl 2025?,sports,lead_168h,0,0.0035,277,276,0.6696826853827124,0.690644050341827,0.9696495395149788,0.99985622921865,0.7984418030564633,0.6363636363636364,1
503320,Will the Giants win Super Bowl 2025?,sports,life_50pct,0,0.0025,171,170,0.6755123258027639,0.6896410412306577,0.979512942845337,0.9999666339102636,0.9999633612398559,1.0,1
503320,Will the Giants win Super Bowl 2025?,sports,window_1-24h,0,0.0025,278,277,0.6755123258027641,0.6896410412306578,0.9795129428453371,0.9999266391672645,0.9547923425503828,1.0,1
253593,Will Nikki Haley win the 2024 US Presidential Election?,politics,lead_1h,0,0.0015,492,491,0.6812464520165129,0.6926470555182631,0.9835405298976982,0.99988268267729,0.9501932748659546,0.9215686274509803,1
253593,Will Nikki Haley win the 2024 US Presidential Election?,politics,lead_24h,0,0.0015,492,491,0.6812464520165129,0.6926470555182631,0.9835405298976982,0.99988268267729,0.9501932748659546,0.9215686274509803,1
253593,Will Nikki Haley win the 2024 US Presidential Election?,politics,lead_168h,0,0.0015,489,488,0.6816606082164924,0.6906440503418269,0.9869926597921344,0.999885773254643,0.9519744060652912,0.9591836734693877,1
253593,Will Nikki Haley win the 2024 US Presidential Election?,politics,life_50pct,0,0.0025,284,283,0.6756136626498934,0.6911451778892723,0.9775278541524206,0.9999430012613972,0.9808131549994652,1.0,1
253593,Will Nikki Haley win the 2024 US Presidential Election?,politics,window_1-24h,0,0.0015,493,492,0.6818948708665571,0.6916460544336782,0.9859014831291051,0.9998783584797036,0.9444364564234083,0.9215686274509803,1
601699,No change in Fed interest rates after January 2026 meeting?,economy,lead_1h,1,0.9985,1160,1159,0.6330205692348956,0.6418538861723947,0.9862378071897713,0.9999965081578236,0.9999873437683785,1.0,1
601699,No change in Fed interest rates after January 2026 meeting?,economy,lead_24h,1,0.9945,1147,1146,0.6107243830543148,0.6378357994002478,0.9574946775150819,0.9999672097877983,0.9999430241601361,0.9826086956521739,1
601699,No change in Fed interest rates after January 2026 meeting?,economy,lead_168h,1,0.9825,1085,1084,0.557937264221075,0.625683751124892,0.891724075010709,0.9997372731141054,0.9994363646101451,0.981651376146789,1
601699,No change in Fed interest rates after January 2026 meeting?,economy,life_50pct,1,0.44,552,551,0.011258494399403449,-0.0896121586896872,-0.12563579054478358,-0.4111790190294432,-0.7409303960459961,0.018518518518518517,0
601699,No change in Fed interest rates after January 2026 meeting?,economy,window_1-24h,1,0.9955,1148,1147,0.6157074430637557,0.6388418357024032,0.9637869792713069,0.999977491299809,0.9999659086023864,0.9826086956521739,1
1484949,Netanyahu out by March 31?,other,lead_1h,0,0.0015,427,426,0.264265136423235,0.27393672066007807,0.9646940935354034,0.9999409102728621,0.9991450341392619,1.0,1
1484949,Netanyahu out by March 31?,other,lead_24h,0,0.0015,425,424,0.26467929262321455,0.27193371548364187,0.9733228266766218,0.9999497231757836,0.9996018608165866,1.0,1
1484949,Netanyahu out by March 31?,other,lead_168h,0,0.0075,388,387,0.2388519651205352,0.2659005146794739,0.8982756780612328,0.9989366022349143,0.9950426685780466,0.8536585365853658,1
1484949,Netanyahu out by March 31?,other,life_50pct,0,0.0365,281,280,0.15975988224462523,0.2398454009321412,0.6660952497889491,0.9557860007306416,0.7822698175814924,0.6470588235294118,1
1484949,Netanyahu out by March 31?,other,window_1-24h,0,0.001,426,425,0.2675876100406839,0.27293571957549323,0.9804052414131523,0.9999772178700524,0.9997214362758126,1.0,1
553813,Fed increases interest rates by 25+ bps after October 2025 meeting?,economy,lead_1h,0,0.0015,268,267,0.03410250292232382,0.03831886430213669,0.889966431505702,0.9994229521573391,1.0,1.0,1
553813,Fed increases interest rates by 25+ bps after October 2025 meeting?,economy,lead_24h,0,0.0015,268,267,0.03410250292232382,0.03831886430213669,0.889966431505702,0.9994229521573391,1.0,1.0,1
553813,Fed increases interest rates by 25+ bps after October 2025 meeting?,economy,lead_168h,0,0.0025,267,266,0.03113227433894375,0.03731585519096758,0.8342907908614517,0.9985047159966203,0.997767792387477,1.0,1
553813,Fed increases interest rates by 25+ bps after October 2025 meeting?,economy,life_50pct,0,0.0095,251,250,0.0173095314787806,0.030771658666753715,0.5625153868446535,0.9649347440681257,0.9964794316709066,1.0,1
553813,Fed increases interest rates by 25+ bps after October 2025 meeting?,economy,window_1-24h,0,0.0015,269,268,0.03433676557238844,0.03932086839398807,0.8732453522730014,0.99919883260302,0.9978080442780041,1.0,1
506742,Nottingham Forest wins the Premier League?,sports,lead_1h,0,0.0015,487,486,0.005887678357882036,0.008052383721398104,0.7311721052532978,0.9953603671584905,0.9975960436540323,0.8823529411764706,1
506742,Nottingham Forest wins the Premier League?,sports,lead_24h,0,0.0025,486,485,0.004166976471078085,0.009054387813249489,0.46021625724717186,0.985612255882903,0.9864997996206992,0.8823529411764706,1
506742,Nottingham Forest wins the Premier League?,sports,lead_168h,0,0.0045,481,480,0.002175164793342732,0.00654749254197776,0.33221340526883497,0.9434818976275747,0.8397194649282331,0.7777777777777778,1
506742,Nottingham Forest wins the Premier League?,sports,life_50pct,0,0.008,170,169,0.0003125567045547586,0.0020191829172302566,0.15479365533831738,0.3272347893415466,-0.013587091641390287,0.14285714285714285,1
506742,Nottingham Forest wins the Premier League?,sports,window_1-24h,0,0.0015,487,486,0.005887678357882036,0.008052383721398104,0.7311721052532978,0.9953603671584905,0.9975960436540323,0.8823529411764706,1
601698,Fed decreases interest rates by 25 bps after January 2026 meeting?,economy,lead_1h,0,0.0025,1083,1082,0.6175437784583935,0.6313721331066819,0.9780979331788914,0.9999851101524674,0.9999300967536621,1.0,1
601698,Fed decreases interest rates by 25 bps after January 2026 meeting?,economy,lead_24h,0,0.0035,1074,1073,0.6118915350059828,0.6303681169580835,0.9706892187992285,0.9999762943609173,0.999931596475701,0.9814814814814815,1
601698,Fed decreases interest rates by 25 bps after January 2026 meeting?,economy,lead_168h,0,0.0155,1013,1012,0.556742630634198,0.618240631282946,0.9005274038344422,0.9996286220885406,0.9996472940362102,1.0,1
601698,Fed decreases interest rates by 25 bps after January 2026 meeting?,economy,life_50pct,0,0.425,460,459,0.0038795092430735176,0.09873484068568883,0.03929220137624464,0.22714548282207778,-0.4746177643261595,0.07142857142857142,1
601698,Fed decreases interest rates by 25 bps after January 2026 meeting?,economy,window_1-24h,0,0.003,1075,1074,0.6147781075287357,0.6313721331066819,0.9737175198146695,0.9999823080411014,0.9999381998602475,1.0,1
253610,Will Hillary Clinton win the 2024 US Presidential Election?,politics,lead_1h,0,0.0015,440,439,0.018912421910051522,0.024817682942607652,0.7620542962768767,0.9392446934047477,0.7770330225208997,0.9111111111111111,0
253610,Will Hillary Clinton win the 2024 US Presidential Election?,politics,lead_24h,0,0.0015,440,439,0.018912421910051522,0.024817682942607652,0.7620542962768767,0.9392446934047477,0.7770330225208997,0.9111111111111111,0
253610,Will Hillary Clinton win the 2024 US Presidential Election?,politics,lead_168h,0,0.0005,437,436,0.02239806815871377,0.023816681858022805,0.9404361317934319,0.9953117325138936,0.9965063339889689,1.0,1
253610,Will Hillary Clinton win the 2024 US Presidential Election?,politics,life_50pct,0,0.0005,44,43,0.02239806815871378,0.02381668185802281,0.940436131793432,0.9983677923955695,0.9868619752340682,1.0,1
253610,Will Hillary Clinton win the 2024 US Presidential Election?,politics,window_1-24h,0,0.0015,441,440,0.019560840760095715,0.0238166818580228,0.8213083953802961,0.938087272221809,0.7717284884548145,0.9130434782608695,0
504873,Will Gavin Newsom be D-nom for VP on Election Day?,politics,lead_1h,0,0.0015,73,72,0.0007976283987826116,0.001504891179420344,0.5300239709623676,0.9448321968957414,0.9881985979805776,0.4,1
504873,Will Gavin Newsom be D-nom for VP on Election Day?,politics,lead_24h,0,0.0015,73,72,0.0007976283987826116,0.001504891179420344,0.5300239709623676,0.9448321968957414,0.9881985979805776,0.4,1
504873,Will Gavin Newsom be D-nom for VP on Election Day?,politics,lead_168h,0,0.0015,60,59,0.0009632889279355268,0.002006018726865743,0.48019936954456804,0.9595923322824719,0.9879018118059616,0.6666666666666666,1
504873,Will Gavin Newsom be D-nom for VP on Election Day?,politics,life_50pct,0,0.0025,52,51,-0.000707257064548525,-0.0015071592905712885,0.469264973498879,0.7208128731765696,0.7676018099547511,0.25,1
504873,Will Gavin Newsom be D-nom for VP on Election Day?,politics,window_1-24h,0,0.0015,74,73,0.0010318910488472345,0.0025068952712717293,0.41162112381494254,0.9423387488149984,0.9822596569171913,0.4,1
566189,Will Chelsea win the 2025–26 English Premier League?,sports,lead_1h,0,0.0025,1699,1698,0.08059363591625965,0.09381055442955907,0.8591105383219559,0.9929404965942664,0.9689180214815788,0.9651162790697675,1
566189,Will Chelsea win the 2025–26 English Premier League?,sports,lead_24h,0,0.0005,1692,1691,0.09035919121728278,0.09230867680056823,0.9788807980911991,0.9997912980325157,0.9993522991865039,1.0,1
566189,Will Chelsea win the 2025–26 English Premier League?,sports,lead_168h,0,0.0005,1681,1680,0.09101361921292381,0.09331017913765778,0.9753878950189783,0.9998457103173892,0.9997825861717535,1.0,1
566189,Will Chelsea win the 2025–26 English Premier League?,sports,life_50pct,0,0.0475,678,677,0.013118266437039457,0.046170304143306314,0.2841277890724339,0.6767871198419055,0.12785411243802436,0.717948717948718,1
566189,Will Chelsea win the 2025–26 English Premier League?,sports,window_1-24h,0,0.0018,1693,1692,0.08436989834863087,0.09381055442955907,0.8993646702299681,0.9970628864085417,0.9865145510253891,0.9766081871345029,1
797327,Will Trump release the Epstein files by December 19?,politics,lead_1h,1,0.9985,305,304,1.3336039665904025,1.3465735229249267,0.9903684751603071,0.9999770730880295,0.9996523120819416,1.0,1
797327,Will Trump release the Epstein files by December 19?,politics,lead_24h,1,0.9975,300,299,1.3267056278405165,1.345572521840342,0.9859785379876654,0.9999500121747275,0.9995299768804292,1.0,1
797327,Will Trump release the Epstein files by December 19?,politics,lead_168h,1,0.575,222,221,0.21986996835668185,0.7582864827309068,0.2899563336073698,0.7263887380174948,0.22593416122827883,0.375,1
797327,Will Trump release the Epstein files by December 19?,politics,life_50pct,1,0.615,187,186,0.2777042598256325,0.8770700187208736,0.3166272405829568,0.8746702200369924,0.8588794763367819,0.5652173913043478,1
797327,Will Trump release the Epstein files by December 19?,politics,window_1-24h,1,0.9989,301,300,1.3368320947792118,1.3445705177484908,0.9942446879006115,0.9999902086025347,0.9999737774864165,1.0,1
1198423,"US strikes Iran by February 28, 2026?",other,lead_1h,1,0.985,495,494,-0.595217191825584,-0.6082477367734592,0.9785769117415911,0.9999935183466854,0.9999374882261611,1.0,1
1198423,"US strikes Iran by February 28, 2026?",other,lead_24h,1,0.065,478,477,0.28897768897656817,-1.6613976513648114,-0.17393649782710216,-0.7472823917460324,-0.7872519498049475,0.0,0
1198423,"US strikes Iran by February 28, 2026?",other,lead_168h,1,0.195,416,415,0.09196071535818068,-0.6558757857627139,-0.14021056632124348,-0.6201276865476928,-0.621655182603323,0.0,0
1198423,"US strikes Iran by February 28, 2026?",other,life_50pct,1,0.215,301,300,0.0733809265104566,-0.6558757857627139,-0.11188235349338653,-0.7676923842535437,-0.8418591317681307,0.0,0
1198423,"US strikes Iran by February 28, 2026?",other,window_1-24h,1,0.2247,479,478,-0.067981886573091,-1.8044984950054848,0.03767356235610735,-0.27659930777144476,-0.23872610977878336,0.06818181818181818,0
506743,Southampton wins the Premier League?,sports,lead_1h,0,0.0015,346,345,0.006053338887034951,0.008553511268843513,0.7077022168760642,0.9899124166518696,0.9795481510488203,0.9428571428571428,1
506743,Southampton wins the Premier League?,sports,lead_24h,0,0.0015,346,345,0.006053338887034951,0.008553511268843513,0.7077022168760642,0.9899124166518696,0.9795481510488203,0.9428571428571428,1
506743,Southampton wins the Premier League?,sports,lead_168h,0,0.0025,332,331,0.004166976471078091,0.009054387813249503,0.4602162572471718,0.9658880336380669,0.8595295215467749,0.8857142857142857,1
506743,Southampton wins the Premier League?,sports,life_50pct,0,0.0065,117,116,0.0008044945132595011,0.005040333251406481,0.15961137352079066,0.5907323974958621,-0.47823011571137514,0.1,1
506743,Southampton wins the Premier League?,sports,window_1-24h,0,0.0015,346,345,0.006053338887034951,0.008553511268843513,0.7077022168760642,0.9899124166518696,0.9795481510488203,0.9428571428571428,1
534189,Will Lee Jae-myung be elected the next president of South Korea?,politics,lead_1h,1,1.0,554,553,0.6916395536446333,0.6916460544336781,0.9999906009887526,0.9999999999699161,1.0,1.0,1
534189,Will Lee Jae-myung be elected the next president of South Korea?,politics,lead_24h,1,0.9525,532,531,0.5018486416083343,0.63974640383283,0.784449335864451,0.9940985282574751,0.9634962045343611,0.7966101694915254,1
534189,Will Lee Jae-myung be elected the next president of South Korea?,politics,lead_168h,1,0.9225,405,404,0.4205248043772094,0.611937125134402,0.6872026342328029,0.9883098633913737,0.9700930225363312,0.8181818181818182,1
534189,Will Lee Jae-myung be elected the next president of South Korea?,politics,life_50pct,1,0.775,249,248,0.15970241347580932,0.42526773540434404,0.37553381124473145,0.7923490427208458,0.14564277745696116,0.2972972972972973,1
534189,Will Lee Jae-myung be elected the next president of South Korea?,politics,window_1-24h,1,0.9743,533,532,0.5673422366480312,0.6444820085786642,0.8803073306875447,0.9985413219306127,0.9975168467803529,0.8275862068965517,1
654413,Will the Fed decrease interest rates by 25 bps after the March 2026 meeting?,economy,lead_1h,0,0.0015,980,979,0.5001129096138526,0.5088236210953176,0.9828806857222666,0.9999727096503958,0.9998957703612598,1.0,1
654413,Will the Fed decrease interest rates by 25 bps after the March 2026 meeting?,economy,lead_24h,0,0.0045,970,969,0.48374632203711715,0.5053104430778806,0.9573250041906616,0.9997626558999057,0.9988188367816735,0.979381443298969,1
654413,Will the Fed decrease interest rates by 25 bps after the March 2026 meeting?,economy,lead_168h,0,0.0045,950,949,0.4838178032176731,0.5058130819424465,0.9565150062147343,0.9998309996604481,0.9995246442659581,1.0,1
654413,Will the Fed decrease interest rates by 25 bps after the March 2026 meeting?,economy,life_50pct,0,0.375,457,456,0.0012582745547530666,0.04879016416943205,0.025789512623558646,0.1533826153438305,0.17236674416220657,0.21621621621621623,0
654413,Will the Fed decrease interest rates by 25 bps after the March 2026 meeting?,economy,window_1-24h,0,0.004,971,970,0.4865903429445564,0.5063154682881048,0.9610418275186402,0.9998168214540566,0.999182786394802,1.0,1
507873,Will the Miami Heat win the 2025 NBA Finals?,sports,lead_1h,0,0.0015,536,535,0.6816606082164921,0.6906440503418267,0.986992659792134,0.9999845755774224,1.0,1.0,1
507873,Will the Miami Heat win the 2025 NBA Finals?,sports,lead_24h,0,0.0015,536,535,0.6816606082164921,0.6906440503418267,0.986992659792134,0.9999845755774224,1.0,1.0,1
507873,Will the Miami Heat win the 2025 NBA Finals?,sports,lead_168h,0,0.0015,536,535,0.6816606082164921,0.6906440503418267,0.986992659792134,0.9999845755774224,1.0,1.0,1
507873,Will the Miami Heat win the 2025 NBA Finals?,sports,life_50pct,0,0.008,418,417,0.6465376272619503,0.6846108495376588,0.9443870597414273,0.999763292639656,0.9940146704866508,0.9069767441860465,1
507873,Will the Miami Heat win the 2025 NBA Finals?,sports,window_1-24h,0,0.0015,537,536,0.6818948708665568,0.6916460544336781,0.9859014831291047,0.9999839293676924,0.9976737208854698,1.0,1
507300,Will Inter Milan win the UEFA Champions League?,sports,lead_1h,0,0.3875,2103,2102,0.04211251131403426,-0.20650423231024506,-0.2039304998396635,-0.7394714442449601,-0.7810770633126145,0.0,0
507300,Will Inter Milan win the UEFA Champions League?,sports,lead_24h,0,0.407,2080,2079,0.05497147582410311,-0.22566350224872284,-0.24359932056498174,-0.7530717589257302,-0.8006385925057726,0.0,0
507300,Will Inter Milan win the UEFA Champions League?,sports,lead_168h,0,0.412,2015,2014,0.05850450134641316,-0.23835939855146324,-0.24544658906655903,-0.757193365800612,-0.8326858716398463,0.0,0
507300,Will Inter Milan win the UEFA Champions League?,sports,life_50pct,0,0.052,1072,1071,0.14575627768185262,0.24044271857702193,0.606199591089559,0.9764268892990022,-0.3951717009861554,0.08629441624365482,1
507300,Will Inter Milan win the UEFA Champions League?,sports,window_1-24h,0,0.4005,2081,2080,0.05043870944353779,-0.22818981938183414,-0.22103838628811825,-0.7489721492824429,-0.7970756991420134,0.0,0
519075,Will Hunor Kelemen win the Romanian presidential election?,politics,lead_1h,0,0.0015,80,79,0.019878218944600717,0.025843850297919736,0.7691663090232644,0.9909858154358999,0.9590068159688413,1.0,1
519075,Will Hunor Kelemen win the Romanian presidential election?,politics,lead_24h,0,0.0015,80,79,0.019878218944600717,0.025843850297919736,0.7691663090232644,0.9909858154358999,0.9590068159688413,1.0,1
519075,Will Hunor Kelemen win the Romanian presidential election?,politics,lead_168h,0,0.0005,77,76,0.023404112073771563,0.024842849213334888,0.9420864681338139,0.9995989452205754,1.0,1.0,1
519075,Will Hunor Kelemen win the Romanian presidential election?,politics,life_50pct,0,0.0015,76,75,0.020292375144580287,0.023840845121483503,0.851160059183237,0.9960994330490622,0.9999431009957325,1.0,1
519075,Will Hunor Kelemen win the Romanian presidential election?,politics,window_1-24h,0,0.0015,81,80,0.020526637794644906,0.024842849213334885,0.8262594044014416,0.9883106458175263,0.935771214252227,1.0,1
812010,"Will Eleven die in ""Stranger Things: Season 5""?",other,lead_1h,0,0.0015,479,478,0.3826523470289681,0.3905394578914887,0.9798045736400033,0.999991574347749,0.9999850569804253,1.0,1
812010,"Will Eleven die in ""Stranger Things: Season 5""?",other,lead_24h,0,0.0035,473,472,0.3721361992122737,0.3905394578914887,0.9528773384933403,0.99995619845074,0.9998951248220034,1.0,1
812010,"Will Eleven die in ""Stranger Things: Season 5""?",other,lead_168h,0,0.62,362,361,0.1812673657143654,-0.6286086594223742,-0.28836282001099256,-0.3855377625149723,-0.7400236196772827,0.02857142857142857,0
812010,"Will Eleven die in ""Stranger Things: Season 5""?",other,life_50pct,0,0.575,193,192,0.1309848781287407,-0.4985555311741764,-0.262728763273874,-0.8206305642721986,-0.9001658166725444,0.0,0
812010,"Will Eleven die in ""Stranger Things: Season 5""?",other,window_1-24h,0,0.0023,474,473,0.37805505190088495,0.3895364487803197,0.9705254876266799,0.9999805079762357,0.9999653006618276,1.0,1
551963,Xi Jinping out in 2025?,other,lead_1h,0,0.001,885,884,0.09407247816329545,0.09831920915594382,0.9568067010596816,0.9999334403827702,0.9996835697281358,0.8924731182795699,1
551963,Xi Jinping out in 2025?,other,lead_24h,0,0.002,878,877,0.08982574717064717,0.09831920915594382,0.9136134021193643,0.9998612172221165,0.9995095394915798,0.9333333333333333,1
551963,Xi Jinping out in 2025?,other,lead_168h,0,0.0035,857,856,0.08430229594312483,0.09531017980432488,0.8845046365057792,0.9996857841669428,0.9983143170743793,1.0,1
551963,Xi Jinping out in 2025?,other,life_50pct,0,0.065,380,379,0.005072701640511665,0.021858793812499097,0.23206685986538922,0.9440489086151743,0.9725494474973714,0.8974358974358975,1
551963,Xi Jinping out in 2025?,other,window_1-24h,0,0.0011,879,878,0.09357703113619621,0.09781833261153781,0.956641036888403,0.9999602047121063,0.9999575731332229,1.0,1
669662,Will there be no change in Fed interest rates after the April 2026 meeting?,economy,lead_1h,1,0.9975,1156,1155,0.5277810101841935,0.5432260493154051,0.9715679335505432,0.9999689236471626,0.9998850777115635,1.0,1
669662,Will there be no change in Fed interest rates after the April 2026 meeting?,economy,lead_24h,1,0.9985,1153,1152,0.5337247631866139,0.5422240452235537,0.984325147304311,0.9999907149214299,0.9999505658817237,1.0,1
669662,Will there be no change in Fed interest rates after the April 2026 meeting?,economy,lead_168h,1,0.9935,1136,1135,0.5075423301224667,0.5371989090208806,0.9447940448120657,0.9998898493044581,0.9996377924916114,0.9824561403508771,1
669662,Will there be no change in Fed interest rates after the April 2026 meeting?,economy,life_50pct,1,0.775,582,581,0.08390642161672257,0.27684773028607096,0.3030778743608293,0.9695386562287859,0.9692074478402157,0.8412698412698413,1
669662,Will there be no change in Fed interest rates after the April 2026 meeting?,economy,window_1-24h,1,0.9978,1154,1153,0.5298403487350216,0.5432260493154051,0.9753588757438038,0.9999792823493777,0.9999173203378221,1.0,1
502571,Will Trump launch a coin before the election?,politics,lead_1h,1,0.995,819,818,1.1516571256142218,1.18092228538446,0.9752183863981272,0.9999793592462869,0.9999043670296063,0.975609756097561,1
502571,Will Trump launch a coin before the election?,politics,lead_24h,1,0.9875,798,797,1.1070174691219834,1.164174875435371,0.9509030751999247,0.9998898122268168,0.999317608599407,1.0,1
502571,Will Trump launch a coin before the election?,politics,lead_168h,1,0.43,683,682,0.03385360879003974,0.29584538309094177,0.11443007302105934,0.6269782169513226,0.6754362638462806,0.4945054945054945,0
502571,Will Trump launch a coin before the election?,politics,life_50pct,1,0.115,187,186,0.10124638158155996,-0.8919980393051103,-0.11350516158133434,-0.7691561682629592,-0.5649772249392743,0.0,0
502571,Will Trump launch a coin before the election?,politics,window_1-24h,1,0.9915,798,797,1.125307839142268,1.164174875435371,0.9666140911359492,0.9999496593446273,0.9997376292885074,1.0,1
669663,Will the Fed increase interest rates by 25+ bps after the April 2026 meeting?,economy,lead_1h,0,0.0045,1085,1084,0.15106073666186196,0.1728522610185107,0.8739297696874495,0.99025725298363,0.9732291843260032,0.9285714285714286,1
669663,Will the Fed increase interest rates by 25+ bps after the April 2026 meeting?,economy,lead_24h,0,0.0005,1079,1078,0.17043098053443864,0.1728522610185107,0.9859921966319389,0.9999377398402804,0.999524866371481,1.0,1
669663,Will the Fed increase interest rates by 25+ bps after the April 2026 meeting?,economy,lead_168h,0,0.0025,1075,1074,0.16086410257910533,0.1708472478154902,0.9415668360829179,0.9987486108352703,0.9996962106609844,1.0,1
669663,Will the Fed increase interest rates by 25+ bps after the April 2026 meeting?,economy,life_50pct,0,0.0165,491,490,0.1176209612682649,0.15720722830980732,0.7481905414455243,0.9674450341632445,0.6945533436845057,0.7192982456140351,1
669663,Will the Fed increase interest rates by 25+ bps after the April 2026 meeting?,economy,window_1-24h,0,0.0017,1080,1079,0.1639496383399341,0.17385326210309557,0.9430345819033951,0.9991968464380657,0.9965720357286623,1.0,1
503329,Will the Patriots win Super Bowl 2025?,sports,lead_1h,0,0.001,372,371,0.6851452653889302,0.6916460544336781,0.990600988752736,0.9999838883214042,0.9999997650028083,1.0,1
503329,Will the Patriots win Super Bowl 2025?,sports,lead_24h,0,0.0035,369,368,0.6696826853827121,0.6906440503418267,0.9696495395149788,0.999803262376608,0.7840731890318547,0.8947368421052632,1
503329,Will the Patriots win Super Bowl 2025?,sports,lead_168h,0,0.0035,369,368,0.6696826853827121,0.6906440503418267,0.9696495395149788,0.999803262376608,0.7840731890318547,0.8947368421052632,1
503329,Will the Patriots win Super Bowl 2025?,sports,life_50pct,0,0.0045,232,231,0.6643106211283151,0.6891391591624062,0.9639716627563752,0.999813820118742,0.9765445199478184,0.84,1
503329,Will the Patriots win Super Bowl 2025?,sports,window_1-24h,0,0.0017,370,369,0.680221897612062,0.6896410412306576,0.9863419618968916,0.9999560048857944,0.9997793127167465,1.0,1
1162940,US forces enter Iran by March 31?,other,lead_1h,0,0.0015,766,765,0.3895564755979883,0.3969714272678378,0.9813211955306632,0.9999927842965636,0.9998998607002301,1.0,1
1162940,US forces enter Iran by March 31?,other,lead_24h,0,0.013,760,759,0.34023081375762043,0.38587141420776333,0.881720700809496,0.999583485581698,0.9993575497035161,1.0,1
1162940,US forces enter Iran by March 31?,other,lead_168h,0,0.195,713,712,0.044854190959431016,0.19591040085585107,0.2289525760933657,0.7721730742096229,0.4336764076062272,0.4791666666666667,1
1162940,US forces enter Iran by March 31?,other,life_50pct,0,0.165,275,274,0.06809360786657243,0.19591040085585099,0.34757525669438577,0.30993741129293223,-0.027938484872791443,0.17391304347826086,1
1162940,US forces enter Iran by March 31?,other,window_1-24h,0,0.0043,761,760,0.37200080064626834,0.3873923270484699,0.9602688919538777,0.9999582684564311,0.9998635913952687,1.0,1
516719,Russia x Ukraine ceasefire in 2025?,politics,lead_1h,0,0.0005,2531,2530,1.1343058766385359,1.1379331570620979,0.9968123958766376,0.9999992316391974,0.9999942290715046,1.0,1
516719,Russia x Ukraine ceasefire in 2025?,politics,lead_24h,0,0.0025,2527,2526,1.120029998458891,1.1364297741680662,0.9855690372762533,0.9999818977723315,0.9999418054257452,1.0,1
516719,Russia x Ukraine ceasefire in 2025?,politics,lead_168h,0,0.0075,2440,2439,1.0888105462447661,1.1278676468168998,0.9653708476501106,0.9998933314636929,0.9997166186242478,0.9918032786885246,1
516719,Russia x Ukraine ceasefire in 2025?,politics,life_50pct,0,0.245,1327,1326,0.397918108430684,0.8517522107365841,0.46717590329066433,0.9925457578660147,0.9834008895622257,0.8723404255319149,1
516719,Russia x Ukraine ceasefire in 2025?,politics,window_1-24h,0,0.0022,2528,2527,1.1217600032268975,1.1369311529702466,0.9866560523882961,0.9999853181665718,0.9999536582824256,1.0,1
507868,Will the Indiana Pacers win the 2025 NBA Finals?,sports,lead_1h,0,0.2405,1557,1556,0.13241165897649193,0.33504264381161847,0.39520837547754634,-0.33567046349458235,-0.6626531418747639,0.006493506493506494,0
507868,Will the Indiana Pacers win the 2025 NBA Finals?,sports,lead_24h,0,0.291,1540,1539,0.09006355343759392,0.35487332199210425,0.2537907130691492,-0.4765503836346894,-0.7156058500798765,0.0,0
507868,Will the Indiana Pacers win the 2025 NBA Finals?,sports,lead_168h,0,0.187,1428,1427,0.2112962354600036,0.4842762885324541,0.4363134030375791,-0.032979977358233395,-0.6187953725420047,0.0070921985815602835,0
507868,Will the Indiana Pacers win the 2025 NBA Finals?,sports,life_50pct,0,0.0085,384,383,0.6440936602069919,0.6856189141391538,0.9394339142695619,0.9995726733418093,0.9188460316049923,0.8536585365853658,1
507868,Will the Indiana Pacers win the 2025 NBA Finals?,sports,window_1-24h,0,0.2897,1540,1539,0.09120105244341245,0.35487332199210425,0.25699607942194547,-0.47395532951059244,-0.7147237996871835,0.0,0
534197,Will Kim Moon-soo be elected the next president of South Korea?,politics,lead_1h,0,0.0015,1145,1144,0.6812464520165125,0.6926470555182631,0.9835405298976976,0.9997931448380668,0.999526225359186,0.9655172413793104,1
534197,Will Kim Moon-soo be elected the next president of South Korea?,politics,lead_24h,0,0.044,1123,1122,0.5125393620068113,0.6518042170255628,0.7863394384677788,0.9225136975832272,0.2682223113834966,0.3575757575757576,1
534197,Will Kim Moon-soo be elected the next president of South Korea?,politics,lead_168h,0,0.0725,1000,999,0.4330816209389925,0.6168059473032226,0.7021359356739293,0.6892471255817298,-0.7542243646452061,0.015384615384615385,1
534197,Will Kim Moon-soo be elected the next president of South Korea?,politics,life_50pct,0,0.0615,546,545,0.46206339652159967,0.6307397204313283,0.7325738043033343,0.8982027124543579,-0.7178767131411493,0.058823529411764705,1
534197,Will Kim Moon-soo be elected the next president of South Korea?,politics,window_1-24h,0,0.0312,1123,1122,0.5531353424717639,0.6518042170255628,0.848621914408496,0.9691197300770924,0.8073208614473231,0.5664335664335665,1
511753,Will Kamala Harris be inaugurated?,politics,lead_1h,0,0.001,705,704,0.5031305614979161,0.5103254987243084,0.9859012782148296,0.9998868403244459,0.999047808370317,0.971830985915493,1
511753,Will Kamala Harris be inaugurated?,politics,lead_24h,0,0.0025,698,697,0.4940861877981248,0.5093244976397237,0.9700813333891946,0.9994044977274266,0.9765483630850074,1.0,1
511753,Will Kamala Harris be inaugurated?,politics,lead_168h,0,0.002,649,648,0.4971338497664445,0.5093244976397238,0.9760650667113553,0.9998094168287394,0.9980871243543813,0.9692307692307692,1
511753,Will Kamala Harris be inaugurated?,politics,life_50pct,0,0.0205,446,445,0.41915263505342076,0.4906229164484713,0.8543274702445399,0.9820801768174514,0.1273956578637387,0.6296296296296297,1
511753,Will Kamala Harris be inaugurated?,politics,window_1-24h,0,0.0017,698,697,0.4990386384966445,0.5093244976397237,0.9798049000377065,0.9997316824015833,0.9882523687201222,1.0,1
253592,Will Joe Biden win the 2024 US Presidential Election?,politics,lead_1h,0,0.0015,457,456,0.6812464520165123,0.692647055518263,0.9835405298976976,0.9997929621514754,0.9998666081126063,0.9565217391304348,1
253592,Will Joe Biden win the 2024 US Presidential Election?,politics,lead_24h,0,0.0685,446,445,0.44337487307129253,0.6200387087393069,0.7150761183487787,0.9519024505598188,0.947063822022254,0.6923076923076923,1
253592,Will Joe Biden win the 2024 US Presidential Election?,politics,lead_168h,0,0.17,357,356,0.23717096376711694,0.5128236264286636,0.4624805713784886,0.5860604798798114,0.5284718223418502,0.2962962962962963,1
253592,Will Joe Biden win the 2024 US Presidential Election?,politics,life_50pct,0,0.435,78,77,0.008271198586858219,0.10436001532424266,0.07925639490527013,-0.5057148311628636,-0.6174089068825911,0.07692307692307693,1
253592,Will Joe Biden win the 2024 US Presidential Election?,politics,window_1-24h,0,0.0019,447,446,0.6173240706996462,0.6221880916194514,0.9921823947045579,0.9999821636727741,0.9998777222936672,0.9555555555555556,1
507401,Will Real Betis win La Liga?,sports,lead_1h,0,0.001,128,127,0.6851452653889305,0.691646054433678,0.9906009887527366,0.9999805727691934,0.941062054743157,1.0,1
507401,Will Real Betis win La Liga?,sports,lead_24h,0,0.0015,127,126,0.681786548058389,0.6921466802263615,0.9850318834664001,0.9999564988978531,0.8005909261342332,1.0,1
507401,Will Real Betis win La Liga?,sports,lead_168h,0,0.0015,125,124,0.6812464520165126,0.6926470555182629,0.983540529897698,0.9999601578209965,0.8234335169158142,1.0,1
507401,Will Real Betis win La Liga?,sports,life_50pct,0,0.0025,105,104,0.6756273253364121,0.6901426715396465,0.9789676152456246,0.999958471014222,0.9846367225008004,0.8181818181818182,1
507401,Will Real Betis win La Liga?,sports,window_1-24h,0,0.001,128,127,0.6851452653889305,0.691646054433678,0.9906009887527366,0.9999805727691934,0.941062054743157,1.0,1
508802,Will the Charlotte Hornets win the Eastern Conference?,sports,lead_1h,0,0.001,147,146,0.04109707218110246,0.04454281237513975,0.9226420602943243,0.9983411820040873,1.0,1.0,1
508802,Will the Charlotte Hornets win the Eastern Conference?,sports,lead_24h,0,0.0015,144,143,0.03930559996317211,0.04404193583073376,0.8924584994228048,0.9964378478594738,0.9954036573754883,1.0,1
508802,Will the Charlotte Hornets win the Eastern Conference?,sports,lead_168h,0,0.0015,130,129,0.039139939434019194,0.043540808283288365,0.898925421396959,0.9973942770132429,1.0,1.0,1
508802,Will the Charlotte Hornets win the Eastern Conference?,sports,life_50pct,0,0.0055,93,92,0.028641129205424217,0.04153378302352082,0.6895863347965338,0.9599654966979465,0.03834594577932586,0.6363636363636364,1
508802,Will the Charlotte Hornets win the Eastern Conference?,sports,window_1-24h,0,0.0012,145,144,0.04052278214876291,0.04454281237513975,0.9097490703433784,0.9978774750584715,0.9999758861827829,1.0,1
506740,Manchester United wins the Premier League?,sports,lead_1h,0,0.0015,435,434,0.014553865421232132,0.017699577099400995,0.8222719299730995,0.997854030071678,0.9995010402334936,1.0,0
506740,Manchester United wins the Premier League?,sports,lead_24h,0,0.0015,435,434,0.014553865421232132,0.017699577099400995,0.8222719299730995,0.997854030071678,0.9995010402334936,1.0,0
506740,Manchester United wins the Premier League?,sports,lead_168h,0,0.0015,435,434,0.014553865421232132,0.017699577099400995,0.8222719299730995,0.997854030071678,0.9995010402334936,1.0,0
506740,Manchester United wins the Premier League?,sports,life_50pct,0,0.0075,318,317,0.0051613826475859865,0.011666376295233129,0.4424152381999647,0.878371340065952,0.7124617356260439,0.5897435897435898,0
506740,Manchester United wins the Premier League?,sports,window_1-24h,0,0.0015,436,435,0.014788128071296754,0.018701581191252384,0.7907421260301702,0.9976780710056162,0.998165283400662,1.0,0
540236,Will the Tennessee Titans win Super Bowl 2026?,sports,lead_1h,0,0.0015,70,69,0.6812464520165123,0.6926470555182631,0.9835405298976975,0.9999761878739676,0.9775666788454512,1.0,1
540236,Will the Tennessee Titans win Super Bowl 2026?,sports,lead_24h,0,0.0015,70,69,0.6812464520165123,0.6926470555182631,0.9835405298976975,0.9999761878739676,0.9775666788454512,1.0,1
540236,Will the Tennessee Titans win Super Bowl 2026?,sports,lead_168h,0,0.0035,67,66,0.6697399380385114,0.6886370250820593,0.972558711839091,0.9999134566522117,0.9798768395783324,1.0,1
540236,Will the Tennessee Titans win Super Bowl 2026?,sports,life_50pct,0,0.0125,43,42,0.6259118065402496,0.6795552270404783,0.9210609846474871,0.9990197438338299,-0.41074467223077554,0.6,1
540236,Will the Tennessee Titans win Super Bowl 2026?,sports,window_1-24h,0,0.0015,71,70,0.6818948708665565,0.6916460544336782,0.9859014831291043,0.9999718321448845,0.9604584025894497,0.75,1
253731,Will Hillary Clinton win the popular vote in the 2024 Presidential Election?,politics,lead_1h,0,0.0015,577,576,0.6817865480583889,0.6921466802263617,0.9850318834663996,0.9998686079894078,0.942706841986286,0.8688524590163934,1
253731,Will Hillary Clinton win the popular vote in the 2024 Presidential Election?,politics,lead_24h,0,0.0015,577,576,0.6817865480583889,0.6921466802263617,0.9850318834663996,0.9998686079894078,0.942706841986286,0.8688524590163934,1
253731,Will Hillary Clinton win the popular vote in the 2024 Presidential Election?,politics,lead_168h,0,0.0005,575,574,0.6886933028370373,0.6921466802263616,0.9950106278221332,0.9999858633859042,0.9994999329785823,0.9322033898305084,1
253731,Will Hillary Clinton win the popular vote in the 2024 Presidential Election?,politics,life_50pct,0,0.002,47,46,0.678666127508047,0.6906440503418267,0.9826568797228451,0.9999677940098537,0.722972556275054,0.6,1
253731,Will Hillary Clinton win the popular vote in the 2024 Presidential Election?,politics,window_1-24h,0,0.0015,578,577,0.6818948708665566,0.6916460544336782,0.9859014831291044,0.9998682043820212,0.9420202210255089,0.8688524590163934,1
507869,Will the LA Clippers win the 2025 NBA Finals?,sports,lead_1h,0,0.0345,1321,1320,0.54196024472227,0.6662897263900629,0.8134002720687198,0.9774203927373437,-0.47885170753865014,0.060240963855421686,1
507869,Will the LA Clippers win the 2025 NBA Finals?,sports,lead_24h,0,0.0275,1308,1307,0.5672010454454035,0.6647477060382475,0.8532576198356502,0.9869180767669335,-0.2630756473035598,0.12554112554112554,1
507869,Will the LA Clippers win the 2025 NBA Finals?,sports,lead_168h,0,0.047,1223,1222,0.5014609190778595,0.6291418505840332,0.7970554154239663,0.9546172375827559,-0.6786001035057245,0.016666666666666666,1
507869,Will the LA Clippers win the 2025 NBA Finals?,sports,life_50pct,0,0.0125,387,386,0.6259404324866408,0.6800619410112902,0.9204167954992927,0.9993610366989827,0.08016018202787693,0.3103448275862069,1
507869,Will the LA Clippers win the 2025 NBA Finals?,sports,window_1-24h,0,0.0281,1309,1308,0.5651485396973843,0.6652619770704099,0.849512762154405,0.9862616617860951,-0.28498604655592374,0.1111111111111111,1
507310,Will Red Star Belgrade win the UEFA Champions League?,sports,lead_1h,0,0.0015,139,138,0.05451613434419717,0.05937227349996906,0.9182086373065296,0.9981572914726344,0.9996620919703462,1.0,1
507310,Will Red Star Belgrade win the UEFA Champions League?,sports,lead_24h,0,0.0015,139,138,0.05451613434419717,0.05937227349996906,0.9182086373065296,0.9981572914726344,0.9996620919703462,1.0,1
507310,Will Red Star Belgrade win the UEFA Champions League?,sports,lead_168h,0,0.006,133,132,0.041686807295532084,0.05535418672782207,0.7530922186700558,0.954918552972411,-0.6178718830386165,0.04,1
507310,Will Red Star Belgrade win the UEFA Champions League?,sports,life_50pct,0,0.0035,92,91,0.04817978360890758,0.05887089469778881,0.8183973397420986,0.9899505827884353,-0.3269628921802835,0.2,1
507310,Will Red Star Belgrade win the UEFA Champions League?,sports,window_1-24h,0,0.0015,140,139,0.05475039699426179,0.060374277591820444,0.9068497243879141,0.9980733032461716,0.9901246704499753,0.8571428571428571,1
516767,Will Pierre Poilievre be the next Canadian Prime Minister?,politics,lead_1h,0,0.0015,1030,1029,1.7580918286928107,1.7694537117137565,0.9935788752507453,0.9999973890901662,0.9999853517017852,0.9805825242718447,1
516767,Will Pierre Poilievre be the next Canadian Prime Minister?,politics,lead_24h,0,0.0035,1024,1023,1.742700743799479,1.766441661243765,0.9865600331077055,0.9999881335104797,0.9999769325211907,0.9805825242718447,1
516767,Will Pierre Poilievre be the next Canadian Prime Minister?,politics,lead_168h,0,0.195,891,890,0.9693599989920186,1.5569054605150014,0.622619692445146,0.994855373558165,0.988647111994896,0.8541666666666666,1
516767,Will Pierre Poilievre be the next Canadian Prime Minister?,politics,life_50pct,0,0.665,360,359,0.0797951505426931,0.6632942174102636,0.1203012908121553,0.9553820684287403,0.913091143928666,0.627906976744186,1
516767,Will Pierre Poilievre be the next Canadian Prime Minister?,politics,window_1-24h,0,0.0028,1024,1023,1.7475458289921901,1.766441661243765,0.9893028834938878,0.9999924981066639,0.9999839491595456,0.9805825242718447,1
542539,No change in Fed interest rates after September 2025 meeting?,economy,lead_1h,0,0.0255,1184,1183,0.4423402424062519,0.5265277840149041,0.8401080737531049,0.9988546413937327,0.9900493810831571,0.888,1
542539,No change in Fed interest rates after September 2025 meeting?,economy,lead_24h,0,0.0155,1161,1160,0.478072713063494,0.5367475970317634,0.8906844030737279,0.9996435563734682,0.9992548966335233,0.9333333333333333,1
542539,No change in Fed interest rates after September 2025 meeting?,economy,lead_168h,0,0.0265,1045,1044,0.43899669746916253,0.5249857636630886,0.8362068609366904,0.9990424340973557,0.9971279738341454,0.8909090909090909,1
542539,No change in Fed interest rates after September 2025 meeting?,economy,life_50pct,0,0.455,486,485,0.0017809896789478565,-0.06280090123903026,-0.02835930128087056,0.01572259423319342,0.2651809146342105,0.24675324675324675,0
542539,No change in Fed interest rates after September 2025 meeting?,economy,window_1-24h,0,0.0214,1162,1161,0.4554284487112963,0.53776385728183,0.8468930043259052,0.9992989623946801,0.9973224014552116,0.9173553719008265,1
506733,Brighton & Hove Albion wins the Premier League?,sports,lead_1h,0,0.0015,253,252,0.6818262687456449,0.6911451778892722,0.9865167124914525,0.9999845845118126,0.9870032386921354,0.9230769230769231,1
506733,Brighton & Hove Albion wins the Premier League?,sports,lead_24h,0,0.0015,253,252,0.6818262687456449,0.6911451778892722,0.9865167124914525,0.9999845845118126,0.9870032386921354,0.9230769230769231,1
506733,Brighton & Hove Albion wins the Premier League?,sports,lead_168h,0,0.002,252,251,0.6786444763441828,0.6916460544336782,0.9812019775054726,0.9999728426277305,0.9856034907987098,0.9230769230769231,1
506733,Brighton & Hove Albion wins the Premier League?,sports,life_50pct,0,0.0075,166,165,0.6489172036541823,0.684610849537659,0.947862868507588,0.9997640236750805,-0.1882376512702696,0.18518518518518517,1
506733,Brighton & Hove Albion wins the Premier League?,sports,window_1-24h,0,0.0015,254,253,0.6818948708665565,0.6916460544336782,0.9859014831291043,0.9999843894969499,0.986844035799873,0.9230769230769231,1
512246,Will Austin Scott be the first elected Speaker of the House for the 119th congre,politics,lead_1h,0,0.004,366,365,0.6770054297327024,0.6996913770841594,0.9675772089031642,0.9992037825337147,0.8509405932042358,0.6744186046511628,1
512246,Will Austin Scott be the first elected Speaker of the House for the 119th congre,politics,lead_24h,0,0.004,366,365,0.6770054297327024,0.6996913770841594,0.9675772089031642,0.9992037825337147,0.8509405932042358,0.6744186046511628,1
512246,Will Austin Scott be the first elected Speaker of the House for the 119th congre,politics,lead_168h,0,0.0075,348,347,0.6588617426137585,0.6961729014764825,0.9464053272059393,0.9971277924680672,0.12045242142134609,0.25925925925925924,1
512246,Will Austin Scott be the first elected Speaker of the House for the 119th congre,politics,life_50pct,0,0.006,148,147,0.6663797041123998,0.6966762994231817,0.9565126654432393,0.9989444733622492,0.6442511843686012,0.5555555555555556,1
512246,Will Austin Scott be the first elected Speaker of the House for the 119th congre,politics,window_1-24h,0,0.004,367,366,0.6770396807632223,0.6991894950159081,0.9683207279134223,0.999203268483318,0.8503791645224631,0.6744186046511628,1
542540,Fed increases interest rates by 25+ bps after September 2025 meeting?,economy,lead_1h,0,0.0015,648,647,0.014719525950385049,0.018200704646846384,0.8087338504740521,0.9932297788681141,0.9775188671236636,0.9393939393939394,1
542540,Fed increases interest rates by 25+ bps after September 2025 meeting?,economy,lead_24h,0,0.0015,646,645,0.014719525950385049,0.018200704646846384,0.8087338504740521,0.9932995687863634,0.9775913196421135,0.9393939393939394,1
542540,Fed increases interest rates by 25+ bps after September 2025 meeting?,economy,lead_168h,0,0.0025,630,629,0.012297403305614744,0.016696567988231877,0.7365228179996173,0.9944287533218786,0.9980698356119861,0.8235294117647058,1
542540,Fed increases interest rates by 25+ bps after September 2025 meeting?,economy,life_50pct,0,0.009,507,506,0.003860383918056552,0.011666376295233132,0.33089828583995706,0.9212694770617835,0.8086681423480657,0.6129032258064516,1
542540,Fed increases interest rates by 25+ bps after September 2025 meeting?,economy,window_1-24h,0,0.0018,647,646,0.014135885884637484,0.01870158119125237,0.7558658137018659,0.9905982670774091,0.9711447229596817,0.9393939393939394,1
669660,Will the Fed decrease interest rates by 50+ bps after the April 2026 meeting?,economy,lead_1h,0,0.0015,848,847,0.1772214467436508,0.183826447973375,0.9640693637801192,0.9998954752858233,0.9999617078783897,1.0,1
669660,Will the Fed decrease interest rates by 50+ bps after the April 2026 meeting?,economy,lead_24h,0,0.0015,848,847,0.1772214467436508,0.183826447973375,0.9640693637801192,0.9998954752858233,0.9999617078783897,1.0,1
669660,Will the Fed decrease interest rates by 50+ bps after the April 2026 meeting?,economy,lead_168h,0,0.0015,848,847,0.1772214467436508,0.183826447973375,0.9640693637801192,0.9998954752858233,0.9999617078783897,1.0,1
669660,Will the Fed decrease interest rates by 50+ bps after the April 2026 meeting?,economy,life_50pct,0,0.035,526,525,0.090108318084745,0.1512204010779256,0.5958740847295542,0.8955941998424954,0.5669108640756974,0.5522388059701493,1
669660,Will the Fed decrease interest rates by 50+ bps after the April 2026 meeting?,economy,window_1-24h,0,0.0015,849,848,0.17745570939371544,0.18482845206522638,0.9601103477893702,0.999886553669193,0.9997040731483634,1.0,1
566331,Will Polymarket US go live in 2025?,other,lead_1h,1,0.9975,2297,2296,0.7057032442822021,0.722105261918387,0.9772858355960317,0.9998957529621705,0.9997826916035996,0.9826839826839827,1
566331,Will Polymarket US go live in 2025?,other,lead_24h,1,0.9915,2286,2285,0.6740427146090273,0.7160781216238624,0.9412977358957557,0.9988368424535393,0.9966023339561103,0.9404255319148936,1
566331,Will Polymarket US go live in 2025?,other,lead_168h,1,0.716,2155,2154,0.10967297204305415,0.3768817749590896,0.2910009964131567,-0.31435231737362385,-0.6424750575326047,0.004672897196261682,0
566331,Will Polymarket US go live in 2025?,other,life_50pct,1,0.9775,865,864,0.6146348615032723,0.7013607790973342,0.8763462112813324,0.9941553045171104,0.9786094422006248,0.8901098901098901,1
566331,Will Polymarket US go live in 2025?,other,window_1-24h,1,0.9971,2287,2286,0.7012697042935514,0.7150700570223676,0.9807006983535538,0.9998758887752387,0.9998718501128786,0.9912663755458515,1
669661,Will the Fed decrease interest rates by 25 bps after the April 2026 meeting?,economy,lead_1h,0,0.0005,1117,1116,0.7291776330777228,0.7324680489539332,0.995507768726691,0.9999969278431085,0.999965983844139,1.0,1
669661,Will the Fed decrease interest rates by 25 bps after the April 2026 meeting?,economy,lead_24h,0,0.0005,1111,1110,0.7291776330777227,0.7324680489539332,0.9955077687266909,0.9999989087876299,0.9999693689057936,1.0,1
669661,Will the Fed decrease interest rates by 25 bps after the April 2026 meeting?,economy,lead_168h,0,0.0035,1108,1107,0.71022453042611,0.731466044862082,0.970960354776308,0.9999519807911882,0.9998522568966494,1.0,1
669661,Will the Fed decrease interest rates by 25 bps after the April 2026 meeting?,economy,life_50pct,0,0.18,657,656,0.24808451008843263,0.529402009338926,0.468612709646154,0.968304491908194,0.9796980911354654,0.7567567567567568,1
669661,Will the Fed decrease interest rates by 25 bps after the April 2026 meeting?,economy,window_1-24h,0,0.001,1112,1111,0.7257886049963442,0.7334690500385181,0.9895286037743916,0.9999943048267428,0.9999603858888708,1.0,1
503013,Will Biden finish his term?,politics,lead_1h,1,0.9985,1123,1122,0.508284312600713,0.5166907432183888,0.9837302472939357,0.9999897772072547,0.9999147024154397,0.9823008849557522,1
503013,Will Biden finish his term?,politics,lead_24h,1,0.9895,1104,1103,0.46482656478953455,0.5101531287843584,0.9111510614414298,0.9995885311254223,0.9934123069447766,0.9298245614035088,1
503013,Will Biden finish his term?,politics,lead_168h,1,0.9925,1037,1036,0.4778489540690375,0.510657542414221,0.9357522691428872,0.99985133376172,0.9997723749013002,0.9807692307692307,1
503013,Will Biden finish his term?,politics,life_50pct,1,0.895,582,581,0.22351558269448268,0.413833357778681,0.5401101155649692,0.9746078913207844,0.9798692816056263,0.8125,1
503013,Will Biden finish his term?,politics,window_1-24h,1,0.9929,1105,1104,0.4791817964554277,0.5086383594969908,0.9420874134017465,0.999817166387025,0.9989194244088476,0.9130434782608695,1
540225,Will the Miami Dolphins win Super Bowl 2026?,sports,lead_1h,0,0.0015,119,118,0.6816606082164917,0.6906440503418267,0.9869926597921334,0.9999818879518297,1.0,1.0,1
540225,Will the Miami Dolphins win Super Bowl 2026?,sports,lead_24h,0,0.0015,119,118,0.6816606082164917,0.6906440503418267,0.9869926597921334,0.9999818879518297,1.0,1.0,1
540225,Will the Miami Dolphins win Super Bowl 2026?,sports,lead_168h,0,0.0025,118,117,0.675512325802764,0.6896410412306576,0.9795129428453372,0.9999501422800305,0.990573813484392,1.0,1
540225,Will the Miami Dolphins win Super Bowl 2026?,sports,life_50pct,0,0.0125,98,97,0.6259118065402497,0.6795552270404783,0.9210609846474872,0.9988796620506537,-0.03321586366505365,0.2857142857142857,1
540225,Will the Miami Dolphins win Super Bowl 2026?,sports,window_1-24h,0,0.0015,120,119,0.6818948708665563,0.6916460544336781,0.9859014831291041,0.9999811299088543,0.9945876655747047,1.0,1
916732,Khamenei out as Supreme Leader of Iran by March 31?,other,lead_1h,1,0.9985,662,661,2.3385965717600143,2.353378262339914,0.9937189482810967,0.9999980172103274,0.9999637262792512,1.0,1
916732,Khamenei out as Supreme Leader of Iran by March 31?,other,lead_24h,1,0.9985,662,661,2.3385965717600143,2.353378262339914,0.9937189482810967,0.9999980172103274,0.9999637262792512,1.0,1
916732,Khamenei out as Supreme Leader of Iran by March 31?,other,lead_168h,1,0.205,614,613,0.05433147703377363,0.7191226669632058,0.07555244679355035,0.12041982533141614,0.10748753274338202,0.23232323232323232,0
916732,Khamenei out as Supreme Leader of Iran by March 31?,other,life_50pct,1,0.24,362,361,0.08964644876391939,0.947381318944186,0.09462551875503133,0.5216356797595145,0.3992184590583757,0.4117647058823529,0
916732,Khamenei out as Supreme Leader of Iran by March 31?,other,window_1-24h,1,0.9985,663,662,2.3392449906100587,2.352377261255329,0.9944174470389744,0.9999978318346113,0.9999391141913136,1.0,1
958442,Will the Iranian regime fall by March 31?,other,lead_1h,0,0.0015,1698,1697,0.059847356080983266,0.06620824935986644,0.9039259708513157,0.9999776661781066,0.9999242853668147,0.9882352941176471,1
958442,Will the Iranian regime fall by March 31?,other,lead_24h,0,0.0015,1696,1695,0.059721416239086306,0.06470561947533152,0.9229710915889555,0.9999790008095507,0.9999557581264193,0.9882352941176471,1
958442,Will the Iranian regime fall by March 31?,other,lead_168h,0,0.0135,1640,1639,0.031639240864149765,0.05260259730408785,0.6014767803431451,0.9987130427691231,0.9963874533280329,0.9176470588235294,1
958442,Will the Iranian regime fall by March 31?,other,life_50pct,0,0.0945,850,849,0.006242233140354582,-0.03648648664531516,-0.17108342606497795,0.8662369053967567,0.6866073228411306,0.5849056603773585,1
958442,Will the Iranian regime fall by March 31?,other,window_1-24h,0,0.0013,1697,1696,0.060914336335489774,0.06570762356718288,0.9270512769832225,0.999984886935671,0.9999436798932004,0.9882352941176471,1
507856,Will the Atlanta Hawks win the 2025 NBA Finals?,sports,lead_1h,0,0.0015,126,125,0.6816606082164919,0.6906440503418267,0.9869926597921337,0.9999885907638779,0.9901812596006143,1.0,1
507856,Will the Atlanta Hawks win the 2025 NBA Finals?,sports,lead_24h,0,0.0015,126,125,0.6816606082164919,0.6906440503418267,0.9869926597921337,0.9999885907638779,0.9901812596006143,1.0,1
507856,Will the Atlanta Hawks win the 2025 NBA Finals?,sports,lead_168h,0,0.0015,126,125,0.6816606082164919,0.6906440503418267,0.9869926597921337,0.9999885907638779,0.9901812596006143,1.0,1
507856,Will the Atlanta Hawks win the 2025 NBA Finals?,sports,life_50pct,0,0.008,72,71,0.6465363222030011,0.6856189141391538,0.9429966251948813,0.9997672310120101,-0.4589872568745807,0.07692307692307693,1
507856,Will the Atlanta Hawks win the 2025 NBA Finals?,sports,window_1-24h,0,0.0015,127,126,0.6818948708665565,0.6916460544336781,0.9859014831291044,0.9999879898402418,0.9850378702662168,1.0,1
507864,Will the Detroit Pistons win the 2025 NBA Finals?,sports,lead_1h,0,0.0015,221,220,0.6818262687456451,0.6911451778892719,0.9865167124914532,0.9999849991139984,0.9817325301612166,1.0,1
507864,Will the Detroit Pistons win the 2025 NBA Finals?,sports,lead_24h,0,0.0025,209,208,0.6756136626498932,0.6911451778892719,0.9775278541524209,0.9999589027171639,0.9062131613619027,0.8181818181818182,1
507864,Will the Detroit Pistons win the 2025 NBA Finals?,sports,lead_168h,0,0.0025,201,200,0.6751391057652391,0.6886370250820589,0.980399079885065,0.9999641657565256,0.9502167554188856,1.0,1
507864,Will the Detroit Pistons win the 2025 NBA Finals?,sports,life_50pct,0,0.0095,73,72,0.6394422813163556,0.6841064359077961,0.9347116877621945,0.999615825651563,-0.3323686410701653,0.2727272727272727,1
507864,Will the Detroit Pistons win the 2025 NBA Finals?,sports,window_1-24h,0,0.003,209,208,0.6727463059903155,0.6911451778892719,0.973379150303637,0.9999419109819802,0.8405597072645127,0.6666666666666666,1
1171663,"Russia x Ukraine ceasefire by June 30, 2026?",politics,lead_1h,1,0.9995,450,449,0.22660916449549623,0.22677331936478828,0.9992761279424235,0.9999999992777832,1.0,1.0,1
1171663,"Russia x Ukraine ceasefire by June 30, 2026?",politics,lead_24h,1,0.065,446,445,0.14333325331652974,-1.299282984130261,-0.11031719422730445,-0.7283598153100227,-0.752048849373382,0.0,0
1171663,"Russia x Ukraine ceasefire by June 30, 2026?",politics,lead_168h,1,0.095,437,436,0.099173096381904,-0.9628107475090482,-0.1030037280311643,-0.6047713852875508,-0.6389399698991645,0.0,0
1171663,"Russia x Ukraine ceasefire by June 30, 2026?",politics,life_50pct,1,0.215,293,292,0.00920852945709521,-0.20067069546215133,-0.04588876036876067,-0.45772353507141844,-0.2716151909667413,0.09433962264150944,0
1171663,"Russia x Ukraine ceasefire by June 30, 2026?",politics,window_1-24h,1,0.3711,447,446,-0.3753346989217986,-1.4423838277709344,0.2602183217083363,0.9709559760201883,0.992090228503082,0.660377358490566,0
538930,Will Curtis Sliwa win the 2025 NYC mayoral election?,politics,lead_1h,0,0.0005,1130,1129,0.10725147174269938,0.10943043458101458,0.9800881459837204,0.999598231304316,0.9981916803185529,1.0,1
538930,Will Curtis Sliwa win the 2025 NYC mayoral election?,politics,lead_24h,0,0.0005,1128,1127,0.10725147174269938,0.10943043458101458,0.9800881459837204,0.9996246019691879,0.9987497714320455,1.0,1
538930,Will Curtis Sliwa win the 2025 NYC mayoral election?,politics,lead_168h,0,0.0025,1094,1093,0.09853562038943862,0.10943043458101458,0.9004407299186024,0.9919854211948802,0.9841327361202049,0.963963963963964,1
538930,Will Curtis Sliwa win the 2025 NYC mayoral election?,politics,life_50pct,0,0.027,697,696,0.04463019824477193,0.083046357217746,0.5374130755398744,-0.03523686254100388,-0.7177578928298514,0.029850746268656716,0
538930,Will Curtis Sliwa win the 2025 NYC mayoral election?,politics,window_1-24h,0,0.001,1129,1128,0.10497389669921636,0.11043143566559943,0.9505798422931927,0.9983781713222863,0.9967753169329571,1.0,1
